:020000040800F2
:10000000805B00249D03000891880008A9800008F7
:1000100089880008B106000829C80008000000000F
:10002000000000000000000000000000018B00083C
:10003000C10B000800000000A9880008098B000817
:10004000B7030008B7030008B7030008B7030008A8
:10005000B7030008B7030008B7030008B703000898
:10006000B7030008B7030008B7030008B703000888
:1000700041070008510700086107000871070008E0
:10008000B7030008B7030008B7030008010C000815
:10009000210C0008110C0008B7030008B703000882
:1000A000B7030008B7030008B7030008B703000848
:1000B000B7030008B7030008918C0008B7030008D5
:1000C000B7030008B7030008B7030008B703000828
:1000D000B703000841A00008B7030008B7030008F1
:1000E000C90B0008B703000800000000B7030008B0
:1000F000B7030008B7030008B7030008B7030008F8
:10010000B7030008B7030008A18C0008B703000874
:10011000B7030008F98E0008B7030008B70300080A
:1001200081070008B7030008B7030008B7030008F9
:10013000B7030008B7030008B7030008B7030008B7
:1001400000000000000000000000000000000000AF
:10015000B7030008B7030008B7030008B703000897
:10016000B7030008B7030008B7030008B703000887
:10017000B703000899880008B703000800000000D2
:10018000B7030008B7030008B7030008B703000867
:10019000B7030008B7030008B7030008B703000857
:1001A000B7030008B7030008B70300080000000009
:1001B000B7030008B7030008B7030008B703000837
:1001C000B7030008B70300080000000000000000AB
:1001D0000000000000000000B7030008000000005D
:1001E000000000000000000000000000000000000F
:1001F0000000000000000000B7030008B70300087B
:10020000B7030008B703000800000000B7030008A8
:10021000B7030008B7030008B7030008B7030008D6
:10022000B703000800000000B7030008000000004A
:10023000B7030008B703000800000000B703000878
:10024000B7030008B7030008B7030008B7030008A6
:10025000B7030008B7030008B7030008B703000896
:10026000B7030008B7030008B7030008B703000886
:10027000B7030008B7030008B70300080000000038
:10028000B7030008B7030008B7030008B703000866
:1002900000000000B7030008B703000800000000DA
:1002A00000000000B7030008B7030008B703000808
:1002B00031A00008B7030008B7030008310C00089C
:1002C000B7030008B7030008B703000800F002F8FE
:1002D00000F054F814A696E8000CB244B344DA4592
:1002E00001D100F04BF8BAE80F000FA696E83000F5
:1002F000A5EB040504EB0607AAEB0704A7F1010729
:100300004FEA15154FEA3414A4F10104AC4201D3AD
:1003100000F034F813F0010F18BFFB1A43F001038B
:1003200000F001F8DBE7184760EF000080EF000005
:10033000103A24BF78C878C1FAD8520724BF30C811
:1003400030C144BF04680C60704700007047000073
:100350000023002400250026103A28BF78C1FBD8CE
:10036000520728BF30C148BF0B6070471FB50EF061
:10037000F0FA00F04DF91FBD10B510BD00F05EF9A8
:100380001146FFF7F3FF0EF0C3FA00F07CF903B457
:10039000FFF7F2FF03BC00F083F900000948804733
:1003A00009480047FEE7FEE7FEE7FEE7FEE7FEE757
:1003B000FEE7FEE7FEE7FEE704480549054A064B6F
:1003C00070470000E18B0008CD0200088037002450
:1003D000805B0024803B0024803B002453EA020C15
:1003E00000F069802DE9F04B4FF00006002B1FBF95
:1003F000B3FA83F503FA05F424FA05F65E4012BF5A
:100400001643B2FA82F502FA05F4C5F120051EBFC3
:1004100022FA05FC44EA0C04203556EA044C4FEA63
:10042000144418BF641C4FF000084FF000099042BC
:1004300071EB030C39D3002919BFB1FA81F701FA26
:1004400007F6B0FA80F700FA07F6C7F120071EBFDB
:1004500020FA07FC46EA0C062037B6FBF4FCA7EBB3
:100460000507103F07F01F0BCBF120062CFA06F60C
:100470000CFA0BFB44BFB3460026202FA4BF5E46F8
:100480004FF0000B5BEA060C08BF4FF0010B19EBB5
:100490000B0948EB0608ABFB027C06FB02CC0BFB0E
:1004A00003CCC01B71EB0C01C1E70B460246414671
:1004B0004846BDE8F08B13B5084318BF4FF0FF3036
:1004C0000146AFF30080BDE81C407047032A40F2AC
:1004D000308010F0030C00F0158011F8013BBCF1E6
:1004E000020F624498BF11F801CB00F8013B38BFFE
:1004F00011F8013BA2F1040298BF00F801CB38BF0C
:1005000000F8013B11F0030300F02580083AC0F029
:10051000088051F8043B083A51F804CBA0E80810D1
:10052000F5E7121D5CBF51F8043B40F8043BAFF304
:100530000080D20724BF11F8013B11F801CB48BF5E
:1005400011F8012B24BF00F8013B00F801CB48BF94
:1005500000F8012B704710B5203AC0F00B80B1E8CD
:100560001850A0E81850B1E81850A0E81850203AE8
:10057000BFF4F5AF5FEA027C24BFB1E81850A0E8F1
:10058000185044BF18C918C0BDE810405FEA827C0B
:1005900024BF51F8043B40F8043B08BF7047D20722
:1005A00028BF31F8023B48BF11F8012B28BF20F8C3
:1005B000023B48BF00F8012B70474FF0000200B526
:1005C000134694469646203922BFA0E80C50A0E876
:1005D0000C50B1F12001BFF4F7AF090728BFA0E824
:1005E0000C5048BF0CC05DF804EB890028BF40F8F0
:1005F000042B08BF704748BF20F8022B11F0804F32
:1006000018BF00F8012B7047704770477047000013
:1006100008487CB57844009007487844009C05461B
:10062000019004E02046016808448047241DAC4244
:10063000F8D17CBD90EC00008EEC0000754600F017
:100640002BF8AE4605006946534620F00700854664
:1006500018B020B5FFF7B0FEBDE820404FF000060F
:100660004FF000074FF000084FF0000BAC46ACE82D
:10067000C009ACE8C009ACE8C009ACE8C00921F089
:1006800007018D46704710B50446AFF30080204641
:10069000BDE81040FFF77BBE004870470001002412
:1006A00001491820ABBEFEE726000200704700009B
:1006B000FEE700000000000000207047000000007E
:1006C000002070470000000010B542F6940441F687
:1006D0002421C2F20044C2F200410022204609F067
:1006E00087FE41F224212046C2F2004109F070FE4B
:1006F000002010BD0000000070B542F694060546CB
:10070000C2F200460C463046294609F061FE3046EA
:1007100009F03AFE41F2BC162268C2F200462946B0
:100720003046FFF7D3FE726E2168284690470020BE
:100730002168A6F8601070BD00207047000000001E
:1007400042F6D840C2F2004000F06EBE0000000049
:1007500042F65050C2F2004000F066BE00000000B9
:1007600042F6E830C2F2004000F05EBE0000000039
:1007700042F66040C2F2004000F056BE00000000A9
:1007800042F67030C2F2004000F04EBE00000000A1
:1007900040F20F42D0F800C0C4F20202944511DCCE
:1007A0006F22C4F20202944522DC3F22C4F202020C
:1007B000944539DC1022C4F2020294455AD0282212
:1007C00054E000BF40F26F42C4F2020294451BDCC9
:1007D00040F23F42C4F2020294452DDC40F2104246
:1007E000C4F20202944545D040F228423EE000BFE8
:1007F0009F22C4F20202944528DC7022C4F2020255
:10080000944537D0882231E040F29F42C4F2020280
:10081000944523DC40F27042C4F20202944529D090
:1008200040F2884222E000BF4022C4F20202944516
:1008300020D058221AE000BF40F24042C4F2020227
:10084000944517D040F2584210E000BFA022C4F2F5
:10085000020294450ED0B82208E000BF40F2B84230
:10086000C4F20202944505D040F2A042C4F2020252
:10087000944517D10CF0F8024AF6AB23103ACAF6A9
:10088000AA23A2FB03310AA35F2AC1F302115B5C16
:1008900040F2FF312CEA0101C36588BF0431816554
:1008A000084670472CF0FF0181650846704700BF7D
:1008B000000610160006101670B540F26F44D0F80E
:1008C00000C0C4F20204D0F858E0A4451ADC9F2509
:1008D000C4F20205AC4533DC5725C4F20205AC4531
:1008E0005ADC1025C4F20205AC4500F0988028259A
:1008F000C4F20205AC4500F092804025C4F2020526
:100900008AE000BF45F22F45C5F60205AC452DDC57
:1009100040F2B745C4F20205AC454BDC40F27045ED
:10092000C4F20205AC457AD040F28845C4F2020513
:10093000AC4574D040F2A045C4F202056CE000BFA3
:1009400040F22745C4F20205AC4543DCA025C4F2C1
:100950000205AC4563D0B825C4F20205AC455ED0B3
:1009600040F21045C4F2020556E000BF45F26B4567
:10097000C5F60205AC453FDC45F23045C5F602053B
:10098000AC454CD045F24445C5F60205AC4546D0D1
:1009900045F258453EE000BF5825C4F20205AC457B
:1009A0003DD07025C4F20205AC4538D08825C4F28C
:1009B000020531E040F2B845C4F20205AC452ED044
:1009C00045F20845C5F60205AC4528D045F21C4560
:1009D00020E000BF40F22845C4F20205AC451ED01D
:1009E00040F24045C4F20205AC4518D040F25845EB
:1009F000C4F2020510E000BF45F26C45C5F60205E1
:100A0000AC450CD045F29445C5F60205AC4506D080
:100A100045F28045C5F60205AC4540F0D080456EF4
:100A2000C66E002E866E6E601CBFD0E91C566E60CE
:100A3000A44515DC9F24C4F20204A4452CDC5724F1
:100A4000C4F20204A44551DC1024C4F20204A445FB
:100A50007AD02824C4F20204A44575D040246FE063
:100A600045F22F44C5F60204A44529DC40F2B74400
:100A7000C4F20204A44545DC40F27044C4F202040E
:100A8000A44561D040F28844C4F20204A4455BD07E
:100A900040F2A04454E000BF40F22744C4F20204F4
:100AA000A4453FDCA024C4F20204A4454CD0B824E1
:100AB000C4F20204A44547D040F2104440E000BF15
:100AC00045F26B44C5F60204A44555DC45F23044BA
:100AD000C5F60204A44561D045F24444C5F60204BB
:100AE000A4455BD045F2584454E000BF5824C4F2FA
:100AF0000204A44528D07024C4F20204A44523D0E3
:100B000088241DE040F2B844C4F20204A4451BD07E
:100B100045F20844C5F60204A4453FD045F21C4402
:100B200038E000BF40F22844C4F20204A4450BD0D0
:100B300040F24044C4F20204A44505D040F25844B7
:100B4000C4F20204A4453AD18468C06D00F01F00CD
:100B50003F2505FA00F0CEF80800DCF80000402C34
:100B600020F48020CCF80000CCF8043023D1CCF85D
:100B70000820CCF80C1070BD45F26C44C5F6020498
:100B8000A4450BD045F28044C5F60204A44505D027
:100B900045F29444C5F60204A44510D1C46D012564
:100BA00004F01F04806805FA04F4CEF804404028DD
:100BB000CCF80430DBD0CCF80810CCF80C2070BD99
:100BC000704700000000000080B54FF4806002F024
:100BD000FBFC4FF4006002F0F7FC4FF4805002F091
:100BE000F3FC4FF48040BDE8804002F0EDBC000013
:100BF000EFF3108072B600BFFEE7000000000000B7
:100C000042F6C850C2F2004001F07EBF0000000072
:100C100042F6C850C2F2004001F076BF000000006A
:100C200042F66860C2F2004001F06EBF00000000B2
:100C300042F60870C2F2004001F066BF00000000FA
:100C40002DE9F041044602F0A7FD1CB3054694F8D7
:100C50003500022822D140F20F472668C4F202076D
:100C600040F26F48BE426FF00E00C4F202081DDC75
:100C70006F21C4F202018E422ADC3F21C4F202013C
:100C80008E4241DC1021C4F202018E4263D0282141
:100C90005CE000BF0120BDE8F08100BF80206065FE
:100CA0000120002184F83410BDE8F08146451BDCAA
:100CB00040F23F41C4F202018E422DDC40F210416D
:100CC000C4F202018E4246D040F228413EE000BF0D
:100CD0009F21C4F202018E4228DC7021C4F202017D
:100CE0008E4238D0882131E040F29F41C4F20201A7
:100CF0008E4223DC40F27041C4F202018E422AD0BF
:100D000040F2884122E000BF4021C4F202018E423D
:100D100021D058211AE000BF40F24041C4F2020144
:100D20008E4218D040F2584110E000BFA021C4F21A
:100D300002018E420FD0B82108E000BF40F2B84156
:100D4000C4F202018E4206D040F2A041C4F2020178
:100D50008E42314607D13146306820F01E0041F8FE
:100D6000140B6FF080000A68464500EA0200086034
:100D70001ADC9F20C4F20200864233DC5720C4F202
:100D8000020086425ADC1020C4F20200864200F0C3
:100D900097802820C4F20200864200F09180402013
:100DA000C4F202008AE000BF45F22F40C5F60200FF
:100DB00086422DDC40F2B740C4F2020086424BDC92
:100DC00040F27040C4F20200864279D040F288407E
:100DD000C4F20200864273D040F2A040C4F2020086
:100DE0006CE000BF40F22740C4F20200864243DCC0
:100DF000A020C4F20200864262D0B820C4F20200F1
:100E000086425DD040F21040C4F2020056E000BFBE
:100E100045F26B40C5F6020086423FDC45F23040A9
:100E2000C5F6020086424BD045F24440C5F60200AA
:100E3000864245D045F258403EE000BF5820C4F2FB
:100E4000020086423CD07020C4F20200864237D0B5
:100E50008820C4F2020031E040F2B840C4F202003F
:100E600086422DD045F20840C5F60200864227D0C2
:100E700045F21C4020E000BF40F22840C4F20200CE
:100E800086421DD040F24040C4F20200864217D094
:100E900040F25840C4F2020010E000BF45F26C403E
:100EA000C5F6020086420BD045F29440C5F602001A
:100EB000864205D045F28040C5F60200864204D144
:100EC000206E016821F480710160306820F001001B
:100ED000306000BF3068C00710D002F05DFC401BDE
:100EE0000628F7D320206065032084F83500012010
:100EF000002184F83410BDE8F08100BF206808218B
:100F0000B8424FF03F0211DC6F23C4F20203984253
:100F10001EDC3F23C4F20203984235DC1023C4F2E6
:100F20000203984257D0282350E000BF40451BDC05
:100F300040F23F43C4F2020398422DDC40F21043DA
:100F4000C4F20203984246D040F228433EE000BF7C
:100F50009F23C4F20203984228DC7023C4F20203E8
:100F6000984238D0882331E040F29F43C4F2020314
:100F7000984223DC40F27043C4F2020398422AD024
:100F800040F2884322E000BF4023C4F202039842AB
:100F900021D058231AE000BF40F24043C4F20203BC
:100FA000984218D040F2584310E000BFA023C4F28A
:100FB000020398420FD0B82308E000BF40F2A043DC
:100FC000C4F20203984206D040F2B843C4F20203CE
:100FD000984240F0C580D4E9163707F01F07404516
:100FE00002FA07F25A5019DC9F21C4F2020188422A
:100FF00032DC5721C4F20201884259DC1021C4F2CC
:101000000201884200F096802821C4F20201884241
:1010100000F090804021C4F2020189E045F22F41A6
:10102000C5F6020188422DDC40F2B741C4F202014C
:1010300088424BDC40F27041C4F20201884279D010
:1010400040F28841C4F20201884273D040F2A041CC
:10105000C4F202016CE000BF40F22741C4F2020179
:10106000884243DCA021C4F20201884262D0B82148
:10107000C4F2020188425DD040F21041C4F2020184
:1010800056E000BF45F26B41C5F6020188423FDCE5
:1010900045F23041C5F6020188424BD045F2444149
:1010A000C5F60201884245D045F258413EE000BFF6
:1010B0005821C4F2020188423CD07021C4F20201DE
:1010C000884237D08821C4F2020131E040F2B841B1
:1010D000C4F2020188422DD045F20841C5F6020152
:1010E000884227D045F21C4120E000BF40F2284151
:1010F000C4F2020188421DD040F24041C4F2020114
:10110000884217D040F25841C4F2020110E000BFFB
:1011100045F26C41C5F6020188420BD045F294417C
:10112000C5F60201884205D045F28041C5F60201AC
:1011300088420BD1616EA26EE06E4A6030B10168E8
:1011400021F480710160D4E91C014160012084F820
:1011500035000020002184F83410BDE8F08100BF84
:101160000421012237E70000F0B190F83510022980
:1011700018D180B540F20F420168C4F202029142D8
:1011800014DC6F23C4F20203994225DC3F23C4F22E
:10119000020399423CDC1023C4F2020399425DD061
:1011A000282357E0802141650120704740F26F43BA
:1011B000C4F2020399421BDC40F23F43C4F2020333
:1011C00099422DDC40F21043C4F20203994245D00B
:1011D00040F228433EE000BF9F23C4F2020399423D
:1011E00028DC7023C4F20203994237D0882331E00F
:1011F00040F29F43C4F20203994223DC40F2704361
:10120000C4F20203994229D040F2884322E000BF91
:101210004023C4F20203994220D058231AE000BFB1
:1012200040F24043C4F20203994217D040F25843BF
:1012300010E000BFA023C4F2020399420ED0B823ED
:1012400008E000BF40F2B843C4F20203994205D05F
:1012500040F2A043C4F20203994275D191424FF08B
:10126000040280F8352011DC6F20C4F202008142B4
:1012700022DC3F20C4F20200814239DC1020C4F29B
:101280000200814259D0282054E000BF40F26F4054
:10129000C4F2020081421BDC40F23F40C4F2020073
:1012A00081422DDC40F21040C4F20200814244D061
:1012B00040F228403EE000BF9F20C4F2020081427D
:1012C00028DC7020C4F20200814236D0882031E050
:1012D00040F29F40C4F20200814223DC40F27040A1
:1012E000C4F20200814228D040F2884022E000BFD0
:1012F0004020C4F2020081421FD058201AE000BFF3
:1013000040F24040C4F20200814216D040F2584000
:1013100010E000BFA020C4F2020081420DD0B8202E
:1013200008E000BF40F2B840C4F20200814204D09D
:1013300040F2A040C4F202008142086820F001009F
:101340000860002080BD00BF0A6822F00E020A601B
:1013500045F25742C5F6020291420A6822F00102A4
:101360000A600FDC45F22F42C5F60202914219DCF9
:1013700045F20842C5F60202914229D045F21C42CC
:1013800022E000BF45F27F42C5F60202914213DC23
:1013900045F25842C5F60202914219D045F26C421C
:1013A00012E000BF45F23042C5F6020291420FD072
:1013B00045F2444208E000BF45F29442C5F60202FD
:1013C000914205D045F28042C5F6020291421AD1FF
:1013D000D0E9181CD0E916E30A6822F480720A608A
:1013E00003F01F01012202FA01F1CEF80410816E10
:1013F000CCF80410C16E31B10A6822F480720A6020
:10140000D0E91C124A60012180F83510016D0022DC
:10141000002980F8342094D08847002080BD000047
:10142000406D7047000000002DE9F04782B00021B8
:10143000019140F2080148F2B513C2F20041C1F631
:101440004E33856D40F26F490A680168C4F20209A3
:101450002E68A2FB032849452A6815DC9F22C4F2A6
:10146000020291422CDC5722C4F20202914251DC6A
:101470001022C4F2020291427BD02822C4F202025E
:10148000914276D040226FE045F22F43C5F6020329
:10149000994229DC40F2B743C4F20203994245DC89
:1014A00040F27042C4F20202914262D040F288429D
:1014B000C4F2020291425CD040F2A04254E000BF6C
:1014C00040F22742C4F2020291423FDCA022C4F261
:1014D000020291424DD0B822C4F20202914248D099
:1014E00040F2104240E000BF45F26B43C5F60203F4
:1014F000994275DC45F23043C5F60203994200F08B
:10150000828045F24443C5F6020399427BD045F2FE
:10151000584373E05822C4F20202914229D070224B
:10152000C4F20202914224D088221DE040F2B84366
:10153000C4F2020399421CD045F20843C5F60203E7
:10154000994260D045F21C4358E000BF40F2284267
:10155000C4F2020291420CD040F24042C4F20202B4
:10156000914206D040F25842C4F20202914240F049
:101570005383C26D082302F01F0240F20F4A9340CA
:10158000C4F2020A334200F0DE8051454FF00404F9
:1015900012DC6F27C4F20207B9426DDC3F27C4F2A8
:1015A0000207B94200F39C801027C4F20207B94237
:1015B00000F0BD802827B5E0494569DC40F23F478F
:1015C000C4F20207B94200F3938040F21047C4F21C
:1015D0000207B94200F0AB8040F22847A2E000BF0A
:1015E00045F26C43C5F6020399420CD045F28043A4
:1015F000C5F60203994206D045F29443C5F60203AC
:10160000994240F009830B68C76D07F01F07042655
:10161000BE40164218BF13F0040423D10226BE4078
:10162000164218BF13F0020442D1FA40120740F1EB
:10163000F38213F0080200F0EF820A6822F00E0233
:101640000A60012101FA07F26A60416580F83510ED
:10165000C16C00294FF0000280F8342040F0D8829D
:10166000DAE200BF1A046E6034D49A0636D40A68EF
:1016700022F004020A6031E09F27C4F20207B94257
:1016800040DC7027C4F20207B94250D0882749E0F5
:1016900040F29F47C4F20207B9423BDC40F2704778
:1016A000C4F20207B94242D040F288473AE000BF94
:1016B0001A046E6000F1B4829A0600F1B5820A68DD
:1016C00022F00A020A60012180F83510002180F81A
:1016D0003410A9E2D90301D4816C98E2016C96E23E
:1016E0004027C4F20207B94221D058271AE000BFB0
:1016F00040F24047C4F20207B94218D040F25847BE
:1017000010E000BFA027C4F20207B9420FD0B827EB
:1017100008E000BF40F2A047C4F20207B94206D079
:1017200040F2B847C4F20207B94218BF08240F6854
:10173000274208D00F6827F004070F60AB60436DA5
:1017400043F0010343650123934033426FD0514579
:1017500010DC6F27C4F20207B9421DDC3F27C4F238
:101760000207B94234DC1027C4F20207B94256D04E
:1017700028274FE049451BDC40F23F47C4F20207EF
:10178000B9422DDC40F21047C4F20207B94246D0FC
:1017900040F228473EE000BF9F27C4F20207B9424B
:1017A00028DC7027C4F20207B94238D0882731E01C
:1017B00040F29F47C4F20207B94223DC40F270476F
:1017C000C4F20207B9422AD040F2884722E000BFA3
:1017D0004027C4F20207B94221D058271AE000BFBF
:1017E00040F24047C4F20207B94218D040F25847CD
:1017F00010E000BFA027C4F20207B9420FD0B827FB
:1018000008E000BF40F2A047C4F20207B94206D088
:1018100040F2B847C4F20207B94240F007824F696C
:101820003F0604D5AB60436D43F0020343650423D8
:10183000934033426FD0514510DC6F27C4F202074A
:10184000B9421DDC3F27C4F20207B94234DC10273D
:10185000C4F20207B94256D028274FE049451BDCA5
:1018600040F23F47C4F20207B9422DDC40F2104774
:10187000C4F20207B94246D040F228473EE000BF1A
:101880009F27C4F20207B94228DC7027C4F202077E
:10189000B94238D0882731E040F29F47C4F20207AE
:1018A000B94223DC40F27047C4F20207B9422AD0A1
:1018B00040F2884722E000BF4027C4F20207B94245
:1018C00021D058271AE000BF40F24047C4F2020777
:1018D000B94218D040F2584710E000BFA027C4F228
:1018E0000207B9420FD0B82708E000BF40F2A04776
:1018F000C4F20207B94206D040F2B847C4F2020768
:10190000B94240F09B810F68BF0704D5AB60436DBF
:1019100043F004034365102303FA02F2324200F05D
:10192000828051454FF0080310DC6F27C4F2020794
:10193000B9421DDC3F27C4F20207B94234DC10274C
:10194000C4F20207B94256D028274FE049451BDCB4
:1019500040F23F47C4F20207B9422DDC40F2104783
:10196000C4F20207B94246D040F228473EE000BF29
:101970009F27C4F20207B94228DC7027C4F202078D
:10198000B94238D0882731E040F29F47C4F20207BD
:10199000B94223DC40F27047C4F20207B9422AD0B0
:1019A00040F2884722E000BF4027C4F20207B94254
:1019B00021D058271AE000BF40F24047C4F2020786
:1019C000B94218D040F2584710E000BFA027C4F237
:1019D0000207B9420FD0B82708E000BF40F2A04785
:1019E000C4F20207B94206D040F2B847C4F2020777
:1019F000B94218BF04230F681F4214D0AA600A68B6
:101A000052030A6808D4D20508D40A6822F00802F2
:101A10000A60016C21B906E0110351D4016C11B1C7
:101A2000044688472046C16D01F01F02202101FABB
:101A300002F3334200F0AF8001681027514511DCFA
:101A40006F26C4F20206B1421EDC3F26C4F2020633
:101A5000B14239DC1026C4F20206B1425BD028261E
:101A600054E000BF49451BDC40F23F46C4F2020689
:101A7000B14231DC40F21046C4F20206B1424AD013
:101A800040F2284642E000BF9F26C4F20206B1425F
:101A90002CDC7026C4F20206B1423CD0882635E028
:101AA00040F29F46C4F20206B14227DC40F2704683
:101AB000C4F20206B1422ED040F2884626E000BFB2
:101AC000816C0029ACD1AEE74026C4F20206B142D7
:101AD00021D058261AE000BF40F24046C4F2020668
:101AE000B14218D040F2584610E000BFA026C4F220
:101AF0000206B1420FD0B82608E000BF40F2A0466F
:101B0000C4F20206B14206D040F2B846C4F2020660
:101B1000B14218BF02270E683E423CD0AB6090F83D
:101B20003530042B0B681DD123F016030B604B6975
:101B300023F080034B61036C0BB9836C1BB10B6802
:101B400023F008030B603F219140A960012180F838
:101B50003510016D00294FF0000280F8342057D174
:101B60005AE000BF5A030A680CD4D2050ED40A68A2
:101B700022F010020A60012180F83510002180F85F
:101B8000341003E0110301D4416C00E0C16B11B1CA
:101B9000044688472046416D00293DD0416DC90764
:101BA00034D0042180F8351001684FEA98220B6880
:101BB00023F001030B60019B0133019393421AD878
:101BC0000B68DB0717D0019B01330193934212D8B6
:101BD0000B68DB070FD0019B0133019393420AD8B6
:101BE0000B68DB0707D0019B01330193934202D8B6
:101BF0000B68DB07DFD10968C9074FF0030108BF95
:101C0000012180F83510002180F83410C16C19B121
:101C100002B0BDE8F047084702B0BDE8F08700BF5A
:101C2000D90301D4416CF2E7C16BF0E70B680423E0
:101C3000934033427FF4FFAD6DE600BF0B686AE668
:101C40002DE9F041044601F0A7FDFCB140F26F48D8
:101C500005462068C4F2020840451BDC9F21C4F2FF
:101C60000201884232DC5721C4F20201884259DC69
:101C70001021C4F20201884200F083802821C4F2BE
:101C80000201884200F07D80402175E00120BDE81E
:101C9000F08100BF45F22F41C5F60201884229DCE0
:101CA00040F2B741C4F20201884247DC40F2704181
:101CB000C4F20201884264D040F28841C4F20201B9
:101CC00088425ED040F2A04156E000BF40F227417A
:101CD000C4F20201884241DCA021C4F20201884220
:101CE0004FD0B821C4F2020188424AD040F21041DC
:101CF00042E000BF45F26B41C5F60201884200F3A5
:101D0000D18045F23041C5F60201884200F0DD8005
:101D100045F24441C5F60201884200F0D68045F202
:101D20005841CDE05821C4F20201884229D07021E7
:101D3000C4F20201884224D088211DE040F2B8415B
:101D4000C4F2020188421CD045F20841C5F60201E6
:101D5000884200F0BA8045F21C41B1E040F22841CF
:101D6000C4F2020188420CD040F24041C4F20201A8
:101D7000884206D040F25841C4F20201884240F045
:101D80003981022184F83510002184F8341001686B
:101D900021F00101016000BF20680168C9070DD072
:101DA00001F0FAFC401B0628F6D3202060650320D2
:101DB00084F835000120BDE8F08100BF48F23F0201
:101DC00004F108060168CFF61062114065694CCE37
:101DD0001143A2691943E3693143266A0D43616ADD
:101DE0002B43042943EA060343EA020303D1D4E95F
:101DF0000B652E4333436568A5F12906292E00F2B1
:101E00003182DFE816F02B002B002B002B002B007B
:101E10002B002F022F022F022F022F022F022F0240
:101E20002F022F022F022F022F022F022F022F022A
:101E30002F022B002B002B002B002F022F022F0232
:101E40002F022B002B002F022F022F022F022F0216
:101E50002F022B002B002B002B0000BF43F480131C
:101E600003600429436923F0070341EA030140F0BA
:101E7000DD80D4E90A53002B41EA050100F0D68049
:101E8000B2F5005F00F0B880002A40F0C180022D5A
:101E900000F0C180012D00F0B580002D00F0BB8066
:101EA000C4E000BF45F26C41C5F6020188420CD087
:101EB00045F28041C5F60201884206D045F29441C0
:101EC000C5F60201884240F0958004F1080E022117
:101ED00084F83510002184F834100168A3699EE865
:101EE0000450A2F18005E769B5FA85F566696D09C8
:101EF000402A4FEA853543EA07026FF3101142EAA0
:101F0000060208BF102541EADC0142EA0E02236AFC
:101F1000294341EAD20141EA131140F80819C0B23D
:101F2000CD2148433C2101EA9020E0652046FEF7A0
:101F30002FFCE16D012201F01F0102FA01F1416065
:101F40002068404500F381809F21C4F2020188424D
:101F500014DC5721C4F20201884227DC1021C4F2AC
:101F60000201884200F0C7802821C4F202018842A1
:101F700000F0C1804021C4F20201B9E040F22741E3
:101F8000C4F20201884221DCA021C4F2020188428D
:101F900000F0B180B821C4F20201884200F0AB80A9
:101FA00040F21041C4F20201A2E000BF5821C4F285
:101FB0000201884200F09F807021C4F20201884231
:101FC00000F099808821C4F2020191E040F228419A
:101FD000C4F20201884200F08E8040F24041C4F217
:101FE0000201884200F0878040F25841C4F20201A9
:101FF0007EE000BF4020D9E6032D17D8DFE805F0CA
:102000000E0B0E02A3F1C072B2FA82F2520904E082
:10201000032D03D30AD1C3F300623AB140206065B7
:10202000012084F83500BDE8F08100BF4161204601
:10203000FEF7AEFBE16D3F2201F01F0102FA01F154
:102040008160206840457FF77FAF45F22F41C5F69C
:102050000201884216DC40F2B741C4F20201884214
:1020600026DC40F27041C4F20201884243D040F2C3
:102070008841C4F2020188423DD040F2A041C4F23E
:10208000020135E045F26B41C5F6020188421FDCD2
:1020900045F23041C5F6020188422CD045F2444158
:1020A000C5F60201884226D045F258411EE000BF25
:1020B00040F2B841C4F2020188421CD045F2084106
:1020C000C5F60201884216D045F21C410EE000BF61
:1020D00045F26C41C5F6020188420CD045F29441AC
:1020E000C5F60201884206D045F28041C5F60201DC
:1020F000884240F0E18045F2574C45F6FC0EC5F6AB
:10210000020CC5F6020E60450EDC45F22F41C5F605
:102110000201884218DC45F20841C5F602018842F6
:1021200028D045F21C4121E045F27F41C5F602016D
:10213000884213DC45F25841C5F60201884219D0A5
:1021400045F26C4112E000BF45F23041C5F6020194
:1021500088420FD045F2444108E000BF45F2944167
:10216000C5F60201884205D045F28041C5F602015C
:10217000884247D100F0FC014CF6CD420839CCF63C
:10218000CC42A1FB0212AEF1FC05AEF17C061309B4
:10219000A26803F01F01802A4FF0010205EB8305BE
:1021A000256602FA01F26666A26605D1002060602B
:1021B000286072601EE000BF6368D9B25F1E072FFF
:1021C0002960726016D84E1E082E19D260450EF195
:1021D000440237DC45F22F41C5F60201884249DC52
:1021E00045F20841C5F60201884259D045F21C412A
:1021F00052E000BF00206067C4E91B005CE000BF44
:10220000E06E54E000F0F8014AF6AB221039CAF64D
:10221000AA22A1FB021240F20F43C4F202030825D6
:102220001109984203F1AA060B4688BF05EB121369
:1022300040F60005B042C4F2020505F1800628BF51
:102240000B46A5E745F27F41C5F6020188421BDC3B
:1022500045F25841C5F60201884221D045F26C4151
:102260001AE000BF25F00307742F08BF43F4801362
:10227000F6E500BF45F23041C5F6020188420FD0B5
:1022800045F2444108E000BF45F28041C5F6020135
:10229000884205D045F29441C5F60201884213D127
:1022A0000EEB83000121E066B140226761670021E7
:1022B0000160D4E91C01416000206065012184F8BF
:1022C0003510BDE8F08100BF40F60000C4F2020006
:1022D00000F1FC0E00F5A072E2E700000000000033
:1022E00030B110B590F83440012C03D1022010BD5C
:1022F00001207047012480F8344090F83540012CCB
:102300002CD1022480F8354000244465D0F800C068
:10231000DCF8004024F00104CCF800400446FEF74D
:10232000CBFA40F20F4C2068C4F2020C40F26F412D
:102330006045C4F2020119DC6F23C4F20203984223
:1023400026DC3F23C4F2020398423DDC1023C4F292
:10235000020398425FD0282358E000BF4FF4006189
:102360004165002180F83410012010BD88421BDC3B
:1023700040F23F43C4F2020398422DDC40F2104386
:10238000C4F20203984246D040F228433EE000BF28
:102390009F23C4F20203984228DC7023C4F2020394
:1023A000984238D0882331E040F29F43C4F20203C0
:1023B000984223DC40F27043C4F2020398422AD0D0
:1023C00040F2884322E000BF4023C4F20203984257
:1023D00021D058231AE000BF40F24043C4F2020368
:1023E000984218D040F2584310E000BFA023C4F236
:1023F000020398420FD0B82308E000BF40F2B84370
:10240000C4F20203984206D040F2A043C4F2020391
:10241000984240F02F8103680B2262F3440303606B
:10242000226C1AB1082302681A430260884219DC40
:102430009F22C4F20202904232DC5722C4F202020E
:10244000904259DC1022C4F20202904200F09680C1
:102450002822C4F20202904200F090804022C4F28E
:10246000020289E045F22F42C5F6020290422DDCBD
:1024700040F2B742C4F2020290424BDC40F270429A
:10248000C4F20202904279D040F28842C4F20202C1
:10249000904273D040F2A042C4F202026CE000BF4E
:1024A00040F22742C4F20202904243DCA022C4F26E
:1024B0000202904262D0B822C4F2020290425DD081
:1024C00040F21042C4F2020256E000BF45F26B42F5
:1024D000C5F6020290423FDC45F23042C5F60202E8
:1024E00090424BD045F24442C5F60202904245D09C
:1024F00045F258423EE000BF5822C4F20202904228
:102500003CD07022C4F20202904237D08822C4F23A
:10251000020231E040F2B842C4F2020290422DD0F1
:1025200045F20842C5F60202904227D045F21C420D
:1025300020E000BF40F22842C4F2020290421DD0C7
:1025400040F24042C4F20202904217D040F2584298
:10255000C4F2020210E000BF45F26C42C5F602026E
:1025600090420BD045F29442C5F60202904205D04B
:1025700045F28042C5F60202904274D1236E1A6879
:10258000D20303D51A6842F480721A60E36E1BB15D
:102590001A6842F480721A60604511DC6F21C4F23F
:1025A000020188421EDC3F21C4F20201884235DC70
:1025B0001021C4F20201884255D0282150E000BF0A
:1025C00088421BDC40F23F41C4F2020188422DDC0C
:1025D00040F21041C4F20201884244D040F2284146
:1025E0003EE000BF9F21C4F20201884228DC702136
:1025F000C4F20201884236D0882131E040F29F4186
:10260000C4F20201884223DC40F27041C4F20201AC
:10261000884228D040F2884122E000BF4021C4F225
:10262000020188421FD058211AE000BF40F2404109
:10263000C4F20201884216D040F2584110E000BFB7
:10264000A021C4F2020188420DD0B82108E000BFE9
:1026500040F2B841C4F20201884204D040F2A041E5
:10266000C4F202018842016841F0010101600020CA
:1026700010BD00BF0268052363F343020260226CB1
:10268000002A3FF4D3AE0423CDE600000000000092
:10269000B0B5044601F080F840F200010546C2F2F0
:1026A0000041621C097818BF0C4400BF01F074F8A7
:1026B000401BA042FAD3B0BD90F89830013B012BEB
:1026C0000ED80068836D0B4212D0836D0B408B4295
:1026D00032D1C36D43F00203C3658B050ED412E003
:1026E00000F19C01012002220B681A430A60704726
:1026F000C36D43F00103C3658B0504D5D0F8E0300A
:102700001343C0F8E0304B0504D5D0F8E4301A4349
:10271000C0F8E4204FF6FF72436DC3F6CF720A4053
:102720001A4342658A0F4AF614010020C4F20001E0
:102730000B681A430A6070470323C3658B05DDD419
:10274000E1E700000000000090F89830022B1BD158
:102750002DE9F0430668D6F8C03013F07C5F1BD03B
:10276000D6F8C4309B0221D4D6F8C4300C69C3F328
:10277000044CD1E90035002D8D6821D023432B4333
:1027800043F0804E20E000BFD0F89C1041F00801DB
:10279000C0F89C1001207047D0F89C1041F0200137
:1027A000C0F89C100120BDE8F08300BFD0F89C1059
:1027B00041F40071C0F89C100120BDE8F08300BF17
:1027C00044EA834343EA050E836ED0F88450D1E98E
:1027D00007970CFB03F48B6949EA0767D1F814806B
:1027E000D1F80C901F4305EB840347EA080745F82E
:1027F00024E047EA09475F60CF6887B14EF6642559
:10280000083303320024C0F6000500BF171957F83B
:10281000037C1F51CF680434EF5DBC42F6D3012125
:1028200001FA0CF1C6F8D010C0F894100020BDE8F1
:10283000F08300000000000070470000000000006E
:1028400090F89820013A012A0CD880B50A68002A2D
:10285000CA680FD00B69072A43EA427E18D18B69F8
:102860001BE000BFD0F89C1041F00201C0F89C10A2
:1028700001207047072A19D10A69D1E906C3120459
:1028800042EA032242EA0C0242F0605218E000BF22
:10289000D1F808C04B6943EA8C73006F496800EBBC
:1028A000C10240F831E05360002080BD8B68D1E95F
:1028B00004CE9B0743EAC26242EA0C4242EA0E029D
:1028C0004968C06E40F82120002080BD0000000053
:1028D00090F898C0BCF1010F0ED19200006842EA56
:1028E0000111DDF800C041EA430141EA0C01C0F8E2
:1028F00080100020704700BFD0F89C1041F0040108
:10290000C0F89C10012070477047000000000000D4
:1029100070470000000000002DE9F04390F8987027
:10292000022F11D1402919D10668D6F8A07017F4EA
:10293000FE0F2FD0D6F8A4707F0635D0D6F8A4703D
:10294000FF013BD400273CE0D0F89C1041F0080187
:10295000C0F89C100120BDE8F08300BF41290FD1D1
:102960000668D6F8B07017F4FE0F13D0D6F8B4701E
:102970007F0619D0D6F8B470FF012BD400272CE0C5
:10298000076DB94206D200F17C05466D4FF0000C90
:102990000F462BE0D0F89C1041F02001C0F89C10AD
:1029A0000120BDE8F08300BFD0F89C1041F4807195
:1029B000C0F89C100120BDE8F08300BFD6F8A070DD
:1029C000FF0FD6F8A46000F17405C6F305263E4457
:1029D000476C0AE0D6F8B070FF0FD6F8B46000F18B
:1029E0007805C6F305263E44C76CB44607FB06F4DB
:1029F0002D6805EB840E55F8247017F0804757605A
:102A000055F8247027F0604608BFC7F38A46166061
:102A100055F8247007F00057976055F8244004F0EB
:102A200000441461BEF80440D461BEF8064014F0BE
:102A30000F04D460DEF8044004F480145461DEF81E
:102A4000044004F4001494619EF8074004F07F04ED
:102A50001462DEF804404FEAD474546228D04EF673
:102A600064280024C0F600080EEB0406651C377AC3
:102A70001F55D76818F80770BD4219D21F19757A0B
:102A80007D70D56818F80590A51C4D453FBFB57AF7
:102A9000BD70D56818F805903CBFE51C4D4507D2C0
:102AA000F57A0434FD70D56818F80550AC42DBD3D4
:102AB000402905D10068C0F8A8C00020BDE8F08317
:102AC000412905D10068C0F8B8C00020BDE8F083F6
:102AD0001F2909D80068012202FA01F1C0F89810F4
:102AE0000020BDE8F08300BF006801F01F01012253
:102AF00002FA01F1C0F89C100020BDE8F08300004C
:102B000070470000000000002DE9F04F87B0044638
:102B10004AF61000C4F2000001684AF61400C4F23C
:102B20000000026820680A40D0F850B0D0F85490F5
:102B3000056D466D036D0293436D0193036D06931E
:102B4000436D0593036D0493436D0393D0F854A034
:102B5000D0F850805FEACA5311D518F480710ED0B6
:102B60004FF4807101654AF610010020C4F20001A3
:102B7000174608602046FFF7C3FF3A4620685FEA21
:102B80004A510BEA090B4FEA827740F14B814AF632
:102B9000100918F48061C4F2000910D0D0F8DC10DC
:102BA0000092D0F8E42011404FF4806202650020CA
:102BB000C9F80000204600F0F3FC009A206805EAFE
:102BC00006050BF4704657B10021016502F00300C1
:102BD000C9F8000020463946FFF72EFE2068DDE9DF
:102BE000012101EA020705F00F0546B10665002044
:102BF000C9F800002046314600F0DAFC206807F0F2
:102C0000F00645B105650020C9F8000020462946B8
:102C100000F012FC206846B106650020C9F80000EB
:102C20002046314600F048FC20685FEA0A510CD586
:102C300018F4006109D04FF4006101650020C9F863
:102C40000000204600F0B8FC20685FEA8A5111D5E8
:102C500018F400710ED0D0F8D810D0F8E020114050
:102C60004FF4007202650020C9F80000204600F011
:102C70009BFC20685FEA0A310CD518F4002109D0CA
:102C80004FF4002101650020C9F80000204600F043
:102C9000CFFB20685FEACA310CD518F4803109D027
:102CA0004FF4803101650020C9F80000204600F093
:102CB00073FC20685FEA4A31DDE9032101EA02057D
:102CC0000CD518F4802109D04FF480210165002033
:102CD000C9F80000204600F05BFC20685FEA8A31FA
:102CE000DDE9052102EA010205F060710ED518F454
:102CF00000330BD04FF4003303650023C9F80030D4
:102D0000D4F89C3043F08003C4F89C3002F0715535
:102D100039B101650020C9F800002046FFF7F8FD31
:102D2000206845B105650021C9F80010D4F89C1051
:102D30002943C4F89C10A9F5016188420AD0D4F84F
:102D40009C0000286AD0204607B0BDE8F04FFFF78E
:102D5000DBBD00BF606881688907F0D0016A426A04
:102D6000036A476A114003EA070202F03005D0F80F
:102D70002080D0F82490D0F820B0466A026A0692EB
:102D800011F00F01426A0592D0F824A0026A049261
:102D900003D00162204600F0EFFB08EA09072DB1DD
:102DA000606829460562204600F0EEFB5FEA4A6053
:102DB00006EA0B0607F4C0750ED5049810F0400023
:102DC0000AD060684023C16BC26B090C02F03F025D
:102DD0000362204600F0D4FBDDE9051000EA01079C
:102DE00006F4FC462DB1606829460562204600F0D5
:102DF000BFFB07F4F02036B161680E62D4F89C1076
:102E00003143C4F89C10002899D061680862D4F856
:102E10009C100843C4F89C0091E700BF07B0BDE8D0
:102E2000F08F00BF4AF61009C4F20009002F05EA2E
:102E300006050BF470467FF4C7AED0E60000000034
:102E4000F0B12DE9F04F83B04AF200080446C4F215
:102E500000080068404533D094F89810B9B38169F0
:102E600021F01001816100F097FC0546206881691E
:102E7000090707D500F090FC401B0B28F6D312E0A1
:102E800001207047816941F00101816100F084FCFB
:102E9000054600BF20688169C90721D100F07CFC8C
:102EA000401B0B28F6D30120D4F89C100843C4F82B
:102EB0009C00032084F89800012003B0BDE8F08F47
:102EC00008F58071616094F898100029C7D100203E
:102ED00084F89900204600F0B3F92068BFE700BFEE
:102EE000816941F002018161217C826922F0400206
:102EF000012918BF40328261617C826922F48042DC
:102F0000012908BF02F580428261A17C826922F416
:102F10008052012918BF02F580528261816921F433
:102F20004073D4E902120B438361836923F0A40345
:102F30008361036923F0100303619AB1012A0DD064
:102F4000022A09D08369032A43F08003836103695D
:102F500043F01002026105D1202200E004228369BF
:102F60001A438261D4E90572E369561E6FF0FF02CD
:102F7000256A02EB0323B1F5407F43EA4663A5F1DE
:102F8000010646EA030640F20003CFF6FF7303EBA7
:102F9000074746EA0701C16110D1D4E90B65D4E9BE
:102FA0000917013F02EB06226FF00F063A4306EBCA
:102FB00005173A4303EB01411143C160236E2BB166
:102FC000616ED0F8C0201143C0F8C010E16DCDE9AA
:102FD0000113D9424EF66C11C0F6000109D0D0F8A9
:102FE000C820A36E22F0070251F823301A43C0F81C
:102FF000C820D4F840C0BCF1000F09D0D0F8BC20E4
:10300000636C22F0070251F823301A43C0F8BC2049
:10301000D4F848B0BBF1000F0AD0D0F8BC20E36C64
:1030200022F0700251F8233042EA0312C0F8BC20AB
:10303000D4F850A0BAF1000F0AD0D0F8BC20636DCC
:1030400022F4E06251F8231042EA0121C0F8BC10DA
:10305000404504D161688A6822F003028A60002139
:10306000C4F89410C4F89C10012184F8981004F15D
:103070003409D0F884104FF6FC729143656C99E8DE
:103080000C02009541EA8201C0F88410D0F8841047
:1030900021F47F0141EA0341C0F884109918D0F867
:1030A00088306FF38F0343EA8103C0F88830D0F88B
:1030B000883023F4FE0343EA0943C0F8883001EB6B
:1030C0004903D0F8A0606FF38F0646EA8306C0F884
:1030D000A060D0F8A06026F4FE0646EA0C46C0F8D0
:1030E000A06005FB0C36D0F8B0306FF38F0343EAD5
:1030F0008603C0F8B030D0F8B03023F4FE0343EAC2
:103100000B43C0F8B030E36CD0F8AC506FF38F05D0
:1031100003FB0B6645EA8605C0F8AC50D4F8548032
:1031200008FB0A65D0F8F0606FF38F0646EA850663
:10313000C0F8F060D0F8F0E0A66D2EF47C1747EAF6
:103140000647C0F8F070F70007EB8507D0F8C050CD
:103150006FF38F052F43C0F8C070D0F8C070009D8A
:10316000DDF804E027F47C1705FB0CFC4AF20005AF
:1031700047EA0E47C0F8C070C4F2000503FB0BC35A
:1031800005F54067D0F8C05007EB820207EB8101DC
:1031900025F07C57029D47EA0567C0F8C07001EB37
:1031A000C90008FB0A372167A16E00EB8C0C606731
:1031B00000EB8303E266C4E91EC30EFB01F300EBE0
:1031C00087006943C4F8800000EBC600C4F884009F
:1031D00000EB8300C4F8880000EB81004DF2FC3165
:1031E000C4F20001C4F89000884201D920205BE6B7
:1031F00082421FD21146002041F8040BD4F89030CF
:103200009942BFF45AAE506002F10801D4F89030F0
:1032100099423FBF906002F10C01D4F8903099427E
:10322000BFF44BAED0601032D4F890108A42E1D394
:1032300043E600BF002003B0BDE8F08F00000000AF
:10324000B0B5B6B0044602A8B8210025CDE9345582
:10325000CDE932553195FDF7B0F94DF200412068C6
:10326000C4F20001884200F097804AF20041C4F2A3
:10327000000188424ED04AF20001C4F200018842A7
:1032800040F0D180002003904FF4004002904FF0B6
:1032900080501D9002A801F03FFD08B1FDF7A8FC89
:1032A00040F2EC2144F2E040C2F20041C5F60200D7
:1032B0000A68002A02F101020A6008D1C16841F4DB
:1032C0008071C160C16801F4807101910199016848
:1032D00041F008010160006831A900F00800019088
:1032E000019803203190022032900020CDE9330074
:1032F0000920359040F60040C5F6020000F070F954
:1033000013200021002200F0DFFA132000F0C8FA99
:10331000152480E0002003904FF4004002904FF00D
:1033200080501D9002A801F0F7FC08B1FDF760FC89
:1033300040F2EC2144F2E040C2F20041C5F6020046
:103340000A68002A02F101020A6008D1C16841F44A
:103350008071C160C16801F48071019101990168B7
:1033600041F002010160006840F6004100F00200F7
:103370000190C5F602010198602031900220329040
:103380000020CDE9330009203590A1F5006031A976
:1033900000F026F914243EE04FF4004002904FF074
:1033A00080501D9002A8039501F0B6FC08B1FDF70E
:1033B0001FFC40F2EC2144F2E040C2F20041C5F6AD
:1033C00002000A68002A02F101020A6008D1C168FD
:1033D00041F48071C160C16801F48071019101996B
:1033E000016841F008010160006831A900F008009F
:1033F000019001984FF4405031900220329000200B
:10340000CDE933000520359040F60040C5F60200B6
:1034100000F0E6F89F2400210022204600F054FA34
:10342000204600F03DFA36B0B0BD000000000000BC
:103430007047000000000000B0B54DF20042016886
:10344000C4F2000291421FD04AF20042C4F20002CC
:1034500091420BD04AF20002C4F20002914227D1FD
:1034600040F26015C2F2004512E000BF40F2601564
:103470004021C2F2004505F13C0405F164032246F7
:10348000FFF74AFAE96E0BE040F2B425C2F20045BC
:103490002C1D05F12C0340212246FFF73DFA696BF4
:1034A000002908BFB0BD2046BDE8B040084700BFB6
:1034B000B0BD000000000000B0B54DF20042016850
:1034C000C4F2000291421FD04AF20042C4F200024C
:1034D00091420BD04AF20002C4F20002914227D17D
:1034E00040F26015C2F2004512E000BF40F26015E4
:1034F0004121C2F2004505F13C0405F16403224676
:10350000FFF70AFAE96E0BE040F2B425C2F200457B
:103510002C1D05F12C0341212246FFF7FDF9696BB3
:10352000002908BFB0BD2046BDE8B040084700BF35
:10353000B0BD00000000000090F8981001290DD1E6
:10354000022180F8981001688A6922F001028A61DC
:103550000021C0F89C100020704700BFD0F89C10DC
:1035600041F00401C0F89C100120704700000000E9
:1035700070470000000000007047000000000000DD
:1035800070470000000000007047000000000000CD
:1035900070470000000000007047000000000000BD
:1035A00070470000000000007047000000000000AD
:1035B000704700000000000070470000000000009D
:1035C00070470000000000008821C5F600010A686D
:1035D000024208BF70470860FFF7F2BF000000001A
:1035E0002DE9F04F83B00F68002F00F0C98000F183
:1035F000264642F2004506F1FF76C5F602050A228C
:10360000A8424FEAB62540F2040C08BF092200F197
:1036100020030093082DC5F6000C38BF4FEAB622F0
:10362000002400264FF0000801920AE008F101088A
:103630000F6837FA08F206F1020604F1040400F0FC
:103640009F80012202FA08FE17EA0E09EED0D1F897
:1036500004B003220BF00307B2407D1E6FEA020A9A
:10366000012D11D88268CD6802EA0A02B5402A43CA
:103670008260CBF30015426822EA0E0205FA08F5D3
:103680002A43426004E000BF032F01D103271FE05B
:10369000C2688D6802EA0A02B540022F42EA0502BA
:1036A000C26015D16FF0030204F01C0502EA580B4A
:1036B000009A0F2352F80BE0AB400F692EEA030388
:1036C000AF403B4342F80B30D1F804B00BF0030796
:1036D000026807FA06F302EA0A021BF4403F42EAD4
:1036E00003020260A2D044F2F44340F2084EC5F651
:1036F0000203C5F6000E0F251A6842F002021A6096
:103700001A6802F00202029228F00302029B04F0FF
:103710000C0352F80E709D40AF43019D05FA03F370
:103720003B4342F80E304FF0B04EDEF800204B68BD
:1037300042EA0907DD0258BF22EA09079D02CEF8D6
:103740000070DCF8002042EA090758BF22EA0907A6
:103750009D03CCF80070DCF8802042EA090758BFCE
:1037600022EA0907DB03CCF88070DCF87C2042EA0F
:10377000090758BF22EA0907CCF87C7056E700BF5A
:1037800003B0BDE8F08F0000002A08BF0904816182
:10379000704700000000000043F27C70C2F200405D
:1037A000006870470000000040F2000043F27C71A6
:1037B000C2F20040C2F2004100780A68104408607A
:1037C000704700000000000080B5032000F0ACF856
:1037D00002F096F944F218414EF63C23C5F6020178
:1037E000C0F600030A68C2F303229A5C096801F07C
:1037F0000F0102F01F02595CD04040F20C02C2F2ED
:10380000004201F01F0120FA01F1116040F20801AD
:10381000C2F2004108600F2000F00AF800281CBF27
:10382000012080BD00F02CF8002080BD00000000C9
:10383000B0B540F20005C2F200452978F1B1044666
:1038400040F20800C2F200404FF47A72B2FBF1F18C
:103850000068B0FBF1F002F07BFC0F2C01464FF04A
:1038600001000AD8002918BFB0BD4FF0FF30002278
:10387000214600F029F800206C60B0BD0120B0BDE9
:1038800081B044F2F440C5F60200016841F0020143
:103890000160006800F002000090009801B07047DD
:1038A000002848BF704700F01F01012202FA01F111
:1038B0004EF20012C0F34A10CEF2000242F820107D
:1038C000704700000000000070B54EF60C5C4FF031
:1038D000FF36CEF2000C00F1604505F56445DCF8DA
:1038E0000030C3F3022E8EF00703042B28BF0423FD
:1038F000BEF1030406FA03F321EA030100F00F030B
:1039000038BF0024043B0028634406FA04F048BF93
:1039100003F10C05A14022EA0000084300012870D1
:1039200070BD0000000000004EF60C514FF6FF0382
:10393000CEF200010A681A4060F30A2242F0806069
:1039400040F0FD700860704701680122C0F8D8247B
:10395000002280F8CC24886940F000608861486DBE
:1039600040F08052002042F003024A657047000098
:10397000704700000000000002680020516270479C
:103980002DE9F043D0F80080D8F8243091B1D8F870
:103990002870B1F1010C03EB17414FD05FFA8CF3A3
:1039A0000CF0030E042B08F582730BD200270024C1
:1039B0002BE000BF002043EA0241C8F82810BDE810
:1039C000F08300BF0CF0FC0908F1F406002400BFEE
:1039D00056F8107F44F00100C0B244F00305EDB288
:1039E00001EB174144F0020753F82000FFB2043402
:1039F00001EB104053F8271053F82550E7B200EBC5
:103A000011404F4500EB1541E2D1BEF1000F15D03A
:103A100053F82700BEF1010F01EB10410ED0601CDE
:103A2000BEF1020FC0B253F8200001EB104105D0E7
:103A3000A01CC0B253F8200001EB104108EB8C0031
:103A400041EA0241C0F804110020BDE8F083000003
:103A5000D0F8E00407F06CB801EBC10200EB820281
:103A6000D0F8E004126A06F0CFBF000000000000AA
:103A700001EBC10200EB8202D0F8E004D2F8602230
:103A800007F01EB800000000D0F8E00407F054B8BA
:103A900010B54FFA81FC0A4601F00F0E4FF4157174
:103AA000BCF1000F4FEAD21248BF14210EEBCE0C2E
:103AB00090F89444431803EB8C01012C03F82CE09C
:103AC0004A7001D1022010BD012280F894240268BE
:103AD0000446104607F038FE002084F8940410BD18
:103AE000B0B5027901F00F03934201D90120B0BDB6
:103AF0004AB24FF41574002A03EBC30E48BF1424D6
:103B0000C909021990F8944402EB8E0C012C4FF075
:103B100000048CF801108CF8024002F82E3001D11C
:103B20000220B0BD012180F89414016805460846C2
:103B3000614608F0F9F8204685F89444B0BD0000CD
:103B400001F00F0101EBC10100EB8100D0F8680228
:103B5000704700000000000010B54FFA81FCBCF176
:103B6000000F01F00F0C0CEBCC0123D400EB810E05
:103B700000218EF855120EF515718EF854C2CEF84C
:103B80005C228EF85832022B01D100224A7190F843
:103B90009424012A02D1022010BD00BF012280F826
:103BA000942402680446104607F062FC002084F862
:103BB000940410BD00EB81014FF0010E01F814CF09
:103BC00081F801E08A600B71A1F81AC0022BDCD0E9
:103BD000DDE700000000000080B501F00F0C0CEBE9
:103BE000CC0100EB810E0021CEE998238379CEF839
:103BF00068128EF855120EF51571012B8EF854C20D
:103C000008BFCA6100681A4608F0DAF8002080BDD3
:103C1000B0B5027901F00F0494424FF001022BD8A5
:103C20004BB24FEAD11C002B4FF4157548BF21460B
:103C300048BF142590F894E401EBC1030544BEF19C
:103C4000010F05EB830105F8234081F801C08A705C
:103C500002D10220B0BD00BF80F894240546006860
:103C600008F08EF82CB9A979286805F29C4208F072
:103C70002BF8002285F894241046B0BD0000000007
:103C800080B501F00F0C90F806E00CEBCC01BEF112
:103C9000010F00EB810101F814CF4FF0000C0B6114
:103CA0004FF00103CA60C1F814C04B7008BFCA616D
:103CB0000068724608F084F8002080BD0000000013
:103CC0002DE9F04F87B005688246284608F088FA4B
:103CD00010B107B0BDE8F08FDAF8000008F0B8FACC
:103CE0000028F6D0D5F80808C0F30D20CAF8D4048F
:103CF000DAF8000008F0ACFA8007DAF8000003D523
:103D0000416901F00201416105F50061059108F08A
:103D10009FFAC006DAF80000069535D5816921F0D2
:103D2000100181612C6A04F00F0000EBC001C4F3A4
:103D300043400AEB8101062801F5157512D00228CF
:103D40001BD147F6F07014EA000616D03409E96872
:103D50000698224608F080FAE86800EB1610E86042
:103D600008E000BF0AF29C410822069808F074FAA5
:103D7000C4F30A14686920446861DAF800008169B4
:103D800041F010018161069D08F062FA000340F1E4
:103D9000F980DAF8000008F037FA002800F0F28025
:103DA00006464FF4306800244FF0000B0AF29C40A6
:103DB000049008E00BF1010B760808F1200804F1EB
:103DC000240400F0DF80F007F4D05FFA8BF9DAF812
:103DD0000000494608F034FA0746C00761D005EBF9
:103DE000080001218160DAF8000008EB0001036C93
:103DF0008A689AF80650012D26D1150734D4950605
:103E000000F1B88043F20B05C4F65475AB42069D31
:103E100002D312F4004231D10AEB0402D2F8743218
:103E200009696FF3DF41A3EB0101C2F86812A4BB7B
:103E3000D2F86432002B00F0A380D2F8600208446C
:103E4000C2F8600229E000BF43F20B05C4F65475C6
:103E5000FF35AB4218D11004069D0FD490061CD537
:103E60002020886019E000BF43F20B00069DC4F6D5
:103E70005470834215D312F4004012D04FF4004026
:103E8000886038070FD43DE0069D34B9DAF8641233
:103E900019B90021049A07F017FF50464946FFF769
:103EA000E7FD38072ED505EB08000821816043F2B5
:103EB0000B01DAF80000C4F65471056C40448D42E1
:103EC00081680BD311F4004108D04FF400418160A8
:103ED000504600F06DFD069D0AE000BF504600F020
:103EE00067FD43F20B00C4F654708542069D09D36A
:103EF0009AF80600012805D1DAF800000121049A99
:103F000007F0E2FEF80607D4B8070BD4B80624D4AD
:103F1000B8047FF54FAF27E005EB08001021816062
:103F2000B807F3D56869000604D50599486840F4D8
:103F3000806048600AEB040090F85712012906D10E
:103F4000002180F857125046494600F07DFB05EBF2
:103F5000080002218160B806DAD505EB08002021AF
:103F60008160B8047FF526AF05EB08004FF40051DF
:103F700081601FE720208860069D380793D4C1E741
:103F8000012187E7DAF8000008F062F9400340F108
:103F9000E180DAF8000008F02FF9002800F0DA805C
:103FA0000646069800F5106900250AF114000490F1
:103FB0000AF29C400290CDF80C9004E0760805F1DE
:103FC000010500F0C780F007F8D0EFB2DAF8000082
:103FD000394608F021F90446C0070BD1200735D433
:103FE000E00639D460063DD4A00741D42006E5D5CB
:103FF00058E000BF059B05F00F004FF0010C09EBE6
:1040000045120CFA00F0596B21EA00005863C2F81F
:1040100008C09AF80600012812D105EBC5000499E2
:1040200001EB8000D0E902121144C16045B900697A
:1040300030B9DAF800000121029A07F045FE00BF0E
:1040400050463946FFF708FD2007C9D509EB451052
:1040500008218160E006C5D509EB4510102181607B
:104060006006C1D509EB451040218160A007BDD590
:104070000698294608F044F805EBC500049901EBC1
:10408000800010F8031F012905D10021017050465E
:10409000394600F0D5FA09EB45100221816020066F
:1040A0007FF58CAF05EBC500049901EB8008D8E9DA
:1040B00004108142FFF482AFDAF800400A1AD8F8FF
:1040C00008309A4238BF134604EB451203F1030C43
:1040D000D2F818399BB2B3EB9C0F2BD302F51069C1
:1040E000D8F81010814223D9081A9AF80620D8E986
:1040F00002B1584538BF8346009220461FFA8BF321
:104100003A4608F055FBD8F80C00D8F8141058447B
:10411000C8F80C0001EB0B00C8F814000BF1030108
:10412000D9F8182092B2B2EB910FD9D2D8F810106A
:10413000DDF80C9081423FF641AF05F00F00012100
:1041400001FA00F0D4F8341821EA0000C4F8340869
:1041500034E700BFDAF8000008F07AF800280DD440
:10416000DAF8000008F074F8000526D4DAF8000048
:1041700008F06EF8000131D43CE000BF05994868B2
:1041800020F0010048609AF8CC04012808D10020F2
:104190008AF8CC0400215046FFF7EAFB03E000BF99
:1041A000504600F0E9FBDAF80000416901F00041F7
:1041B000416108F04DF80005D8D505988068C00722
:1041C00002D0504600F01CFCDAF80000416901F40E
:1041D0000061416108F03CF800010BD5DAF80000FD
:1041E000416901F0006141619AF8CC1491B15046E7
:1041F00000F006FCDAF8000008F02AF8C0041AD42F
:10420000DAF8000008F024F88004DAF8000000F181
:104210000D8126E101218AF8CC14406DC0F38300A2
:10422000CAF8D0045046FFF7A3FBDAF8000008F004
:104230000FF8C004E4D50599486820F001004860F3
:10424000DAF80000102107F05BFF9AF8040001067D
:1042500000F0BB80C1B200F00300042902D20021AB
:1042600068E000BF6FF06002002302EA41124FF6DF
:104270007F370021069C00BFE61880339A4201F187
:104280000401C6F80879D6F8005925F40015C6F8D7
:104290000059C6F8087BD6F8005B25F40015C6F86F
:1042A000005BD6F8005B45F00065C6F8005BC6F819
:1042B0002879D6F8205925F40015C6F82059C6F8F3
:1042C000287BD6F8205B25F40015C6F8205BD6F8CD
:1042D000205B45F00065C6F8205BC6F84879D6F843
:1042E000405925F40015C6F84059C6F8487BD6F861
:1042F000405B25F40015C6F8405BD6F8405B45F0FE
:104300000065C6F8405BC6F86879D6F8605925F4B0
:104310000015C6F86059C6F8687BD6F8605B25F4CE
:104320000015C6F8605BD6F8605B45F00065C6F81E
:10433000605BA1D1002848D0069A4D0102F51063B8
:1043400002F5306203EB41164FF67F3702EB411462
:104350000128B7605E5926F400165E51A7605659D1
:1043600026F400165651565946F0006656512CD088
:104370004E1C02284FEA461403EB461502EB461684
:10438000AF601D5925F400151D51B760175927F46A
:1043900000171751175947F00060105115D0881CAD
:1043A0004FF67F36470103EB401102EB40108E6061
:1043B000D95921F40011D9518660D05920F4001048
:1043C000D051D05940F00060D051059F8421442243
:1043D000F86940F00110F8619AF80F0000284FF0DA
:1043E0000B0008BF142104BF42F22B0010227B589F
:1043F00018437850B85840F00B00B85038680AF2AB
:104400009C4220F4FE6038609AF80610DAF800004A
:1044100007F05AFCDAF80000416901F4805141616B
:1044200007F016FF8004DAF800001AD507F064F8E8
:10443000DAF8000007F0C4FE8AF80700DAF8004056
:1044400001F0D6FA9AF807200146204608F024F930
:10445000504600F079FADAF80000416901F40051A1
:10446000416107F0F5FE000706D4DAF8000007F016
:10447000EFFE00060DD437E0504600F081FADAF87E
:104480000000416901F00801416107F0E1FE00060A
:104490002AD50699886920F0800088619AF804007E
:1044A000022821D30AF515740AF11405012640F2F9
:1044B0007B2703E001362437864215D21AF807100D
:1044C0000129F7D106F00F00320600EBC00005EB22
:1044D000800158BF04EB8001DAF8000007F080FD8E
:1044E0009AF80400E6E700BFDAF8000007F0B0FE33
:1044F000C0024FD4DAF8000007F0AAFE8002069D41
:1045000040F180809AF8041002292AD305F5326020
:1045100001390AF51F72012306E000BF013900F1DD
:10452000200002F124021CD007681678012EF5D174
:10453000B7F1FF3FF2DCDAF8D46407F4803706F015
:104540000106B742EAD102F8013CAF6947F08007A3
:10455000AF616F693F06E1D40599486840F4007087
:104560004860DAF80000416901F40011416107F088
:104570006FFE40004CD55046FFF76AFADAF80000AB
:10458000416901F08041416107F062FE40077FF51B
:10459000A0AB44E09AF80400022827D306990AF158
:1045A000140401F512650AF13B064FF001080127DA
:1045B00006E000BF01372035874206F1240615D2F8
:1045C00029687278012AF5D1B1F1FF3FF2DC07F0DA
:1045D0000F0086F8008000EBC00004EB8001DAF8E1
:1045E000000007F0FDFC9AF80400E3E7DAF80000A9
:1045F000416901F48011416107F02AFE8002069DA5
:104600003FF580AFDAF8000007F022FE4000B2D498
:10461000DAF8000007F01CFE40077FF55AABDAF825
:1046200000004468610704D55046FFF72DFADAF818
:10463000000041682143416007B0BDE8F08F0000F1
:10464000D0F8E00406F0E0BAD0F8E00406F0F4BADE
:10465000002800F02781F0B581B0044690F8950459
:1046600028B9002084F89404204600F031F9032092
:1046700084F89504206807F01FFBD4E90001267C2C
:10468000D4E90223009606F047FF002840F0048199
:104690002068002107F038FE002840F0FD8094F8E3
:1046A00004E0BEF1000F00F0EE80BEF1040F0EF04A
:1046B000030C4FF0000241D30EF0FC03A4F1900074
:1046C00003250121EE1E80F8A460A0F8BE60AE1E96
:1046D00080F8C8606F1CA0F8E2606E1E80F8EC6085
:1046E0009F42A0F8066105F1040680F8A51080F845
:1046F000A820C0E92B22C0F8B42080F8C91080F8A7
:10470000CC20C0E93422C0F8D82080F8ED1080F821
:10471000F020C0E93D22C0F8FC2080F8111180F89B
:104720001051A0F82A51354680F81421C0E94622DC
:10473000C0F8202100F19000C4D1F21EBCF1000F9E
:1047400032D002EBC20104F114000123BCF1010FCD
:1047500000EB810500F821204FF000016B706A83A7
:104760002971C5E9021129611ED0551CBCF1020F47
:1047700005EBC50600EB860700F826507B707D83AD
:104780003971C7E9021139610ED0911C012501EB85
:10479000C10200EB820300F8221000205D705983F3
:1047A0001871C3E902001861BEF1000F6BD0BEF1B1
:1047B000040F4FF0000236D30EF0FC000323214615
:1047C000DF1E81F854729F1E81F878725F1E81F897
:1047D0009C725F1C1D1D81F85522874281F858226A
:1047E000C1E99722C1F8642281F8792281F87C22FC
:1047F000C1E9A022C1F8882281F89D2281F8A02277
:10480000C1E9A922C1F8AC2281F8C12281F8C032E5
:104810002B4681F8C422C1E9B222C1F8D02201F1AD
:104820009001CDD1EA1EBCF1000F2CD002EBC203E7
:1048300004F515700021BCF1010F00EB830700F8AF
:10484000232079703971C7E9021139611BD0531CDB
:10485000BCF1020F03EBC30700EB870600F827301B
:1048600071703171C6E9021131610CD0911C0027C1
:1048700001EBC10200EB820300F822105F701F7190
:10488000C3E902771F61D4E90001277CD4E9022340
:10489000009706F0B9FF38B1022084F89504012092
:1048A00001B0F0BD0120704700206074012084F841
:1048B0009504207B012802D12046FFF745F82068A7
:1048C00006F092FF002001B0F0BD000000000000E3
:1048D00010B5B0B002A9044601F10800B021FBF701
:1048E0006CFE00212068C4F20401884202D030B07E
:1048F00010BD00BF002003904FF4802002904FF4C1
:104900004010239002A800F007FA08B1FCF770F9F4
:1049100000F0BAF844F2D8400022C5F6020001685F
:1049200041F0007101600068062100F00070019004
:1049300001984D20FEF7C8FF4D20FEF7B1FF30B0C3
:1049400010BD00000000000010B50446C07928B179
:10495000022801D0FCF74CF9012100E00021D4F835
:10496000E00406F0F5F9D4F8E004BDE8104006F0E4
:10497000A3B9000000000000D0F8E00406F0CCB9B4
:10498000D0F8E00406F0D4B990F89424012A01D1BB
:104990000220704710B5012280F894244174044627
:1049A0000268104607F064FE002084F8940410BDED
:1049B000D0F8E02400F29C41104606F0E1B9000076
:1049C00010B5044690F89404012801D1022010BDCE
:1049D0002068012184F89414C168490606D5617BDA
:1049E000012903D1816B41F48031816307F080FBA1
:1049F000206806F0E9FE002084F8940410BD000051
:104A000010B50446D0F8E00406F016FA2068D0F895
:104A1000001E41F00101C0F8001EE07A002808BF26
:104A200010BD4EF61050CEF20000016841F00601B4
:104A3000016010BD00000000B0B544F60C05C5F6DD
:104A4000020529684907296806D401F00701081AF8
:104A500018BF0120B0BD00BF21F007010843286046
:104A6000FEF79AFE044600BF55F8080C800407D4F0
:104A7000FEF792FE001BB0F57A7FF5D90120B0BD9C
:104A80000020B0BD0000000044F60C00C5F6020096
:104A9000016841F080710160704700000000000073
:104AA00080B500F0A5FF44F220414EF63C22C5F649
:104AB0000201C0F600020968C1F30211515C01F065
:104AC0001F01C84080BD000080B544F2384EC5F6D5
:104AD000020E5EF8103C5EF8101C5EF80C2CC1F360
:104AE000053CDEF80410BCF1000F19D0C9089FED99
:104AF0003C1AD20601EAE27103F003026FF35F3160
:104B000000EE101AB8EE400ADFE802F0022210228E
:104B10005EF8381C89060DD49FED331A18E000BFEB
:104B200000218160C0E9001180BD00BF9FED2D1AFA
:104B30000EE000BF5EF8381C49F20002C0F2D0322D
:104B4000C1F3C10122FA01F101EE101AB8EE411AC7
:104B5000DEF800109FED253A6FF35F2102EE101A88
:104B6000DEF80010C1F34621B8EE422A013100EE12
:104B7000032A00EE10CAB7EE003AB8EE400A81EE02
:104B8000000A32EE031A20EE010A01EE101AB8EE06
:104B9000411A80EE011ABCEEC11A80ED001ADEF84F
:104BA0000010C1F30641013101EE101AB8EE411AAE
:104BB00080EE011ABCEEC11A80ED011ADEF8001079
:104BC000C1F30661013101EE101AB8EE411A80EE10
:104BD000010ABCEEC00A10EE101A816080BD00BF51
:104BE0000024744A001BB74B0024744C00000039A9
:104BF00080B544F2404EC5F6020E5EF8183C5EF8F1
:104C0000181C5EF8142CC1F3055CDEF80410BCF12E
:104C1000000F19D0C9089FED3C1AD20501EAE271D4
:104C200003F003026FF35F3100EE101AB8EE400A92
:104C3000DFE802F0022210225EF8401C89060DD443
:104C40009FED331A18E000BF00218160C0E9001118
:104C500080BD00BF9FED2D1A0EE000BF5EF8401C26
:104C600049F20002C0F2D032C1F3C10122FA01F1CF
:104C700001EE101AB8EE411ADEF800109FED253A49
:104C80006FF35F2102EE101ADEF80010C1F3462127
:104C9000B8EE422A013100EE032A00EE10CAB7EE48
:104CA000003AB8EE400A81EE000A32EE031A20EE16
:104CB000010A01EE101AB8EE411A80EE011ABCEE9C
:104CC000C11A80ED001ADEF80010C1F3064101316F
:104CD00001EE101AB8EE411A80EE011ABCEEC11AAC
:104CE00080ED011ADEF80010C1F30661013101EE1A
:104CF000101AB8EE411A80EE010ABCEEC00A10EE9E
:104D0000101A816080BD00BF0024744A001BB74B9D
:104D10000024744C000000392DE9F0470446C078A7
:104D200044F22C480007C5F6020828D5606E4FEA09
:104D3000305103292AD8DFE801F0030B131B00BF11
:104D4000D8F8001041F40031C8F8001010E000BF9E
:104D500004F10800022103F0ABFD064680B906E02D
:104D600004F12800022103F037FE064640B9606EC8
:104D7000D8F8241021F440110843C8F82400002674
:104D80006078C00706D135462FE000BF0126607865
:104D9000C007F8D0A06D04283ED83546DFE800F003
:104DA00004140E0B0B0000BFD8F80000354640F489
:104DB0000030C8F800002F46C5B90DE004F1280006
:104DC000002103F009FE04E004F10800002103F0D3
:104DD0006FFD05462F464DB9D8F82400A16D20F08F
:104DE000070000250843C8F82400374660784007CC
:104DF0003AD5D4F8A4004FEA7050052818D8DFE857
:104E000000F0031D11232323D8F8000040F40030E4
:104E1000C8F8000018E000BF0125012760784007AE
:104E2000E7D421E004F12800002103F0D5FD0AE0D9
:104E300001250126607800071AD44FE004F108002C
:104E4000002103F035FD05462E461DB160780007B0
:104E50000ED443E0D8F82C00D4F8A41020F460005D
:104E600000250843C8F82C003E466078000735D579
:104E7000D4F8A8004FEA3060052813D8DFE800F026
:104E800004180C1E1E1E00BFD8F8000040F40030AD
:104E9000C8F8000012E000BF04F12800002103F070
:104EA0009BFD0AE001250127E07880071AD434E051
:104EB00004F10800002103F0FBFC05462F461DB15C
:104EC000E07880070ED428E0D8F82C00D4F8A81099
:104ED00020F0E06000250843C8F82C003746E07851
:104EE00080071AD5E06C4FEA3010032838D8DFE885
:104EF00000F009032D0900BFD8F8000040F400308D
:104F0000C8F800002E464DB9D8F82000E16C20F01A
:104F1000300000250843C8F820003E466078C006EF
:104F200039D5E06D4FEA3030042847D8DFE800F08B
:104F300004221C0A0A0000BFD8F8000040F4003028
:104F4000C8F800002F463DBB1CE000BF04F108007C
:104F5000022103F0ADFC0546002D2E46DED1D3E73D
:104F600001250126DAE700BF04F12800002103F043
:104F700033FD04E004F10800002103F099FC05462C
:104F80002F464DB9D8F82400E16D20F4E04000250B
:104F90000843C8F8240037466078800635D5206E6F
:104FA0004FEA3040052815D8DFE800F0041A0E0457
:104FB000040400BF2E46DDB91EE000BF0125012715
:104FC00060788006EBD420E004F12800012103F092
:104FD00003FD0AE0012501266078400619D449E066
:104FE00004F10800012103F063FC05462E461DB1C3
:104FF000607840060DD43DE0D8F82400216E20F4FE
:10500000E02000250843C8F824003E4660784006AA
:1050100030D5D4F8AC004FEA307005280ED8DFE860
:1050200000F00313070303032F46ADB918E000BFD8
:1050300004F12800012103F0CFFC0AE0012501273B
:10504000607800061AD43CE004F10800012103F066
:105050002FFC05462F461DB1607800060ED430E0C7
:10506000D8F82C00D4F8AC1020F0E040002508431C
:10507000C8F82C0037466078000622D5E06E58B19B
:10508000B0F1005F0CD0B0F1805F37D1D8F80000EC
:1050900040F40030C8F800002E469DB908E000BF7B
:1050A00004F10800012103F003FC05462E464DB92A
:1050B000D8F82400E16E20F0405000250843C8F8DD
:1050C00024003E46E078C0071DD0A06C032855D8C8
:1050D000DFE800F008024A08D8F8000040F4003089
:1050E000C8F80000A9467DB9D8F82000A16C20F0CE
:1050F000030000250843C8F8200004E0012501262C
:10510000E078C007E1D1B146A078400602D44F460E
:1051100018E000BFD8F8D40340F48070C8F8D40376
:10512000FEF73AFB064600BFD8F8D403C00507D403
:10513000FEF732FB801B6428F6D90325032701E024
:105140002F46FDB12078C00700F06F80A06F4FEAB6
:10515000F00005284ED8DFE800F0035347030303AF
:10516000002D2E4654D157E004F10800022103F02F
:105170009FFB0546002DA946C6D1B5E701254FF096
:105180000109C1E7D8F84410D4F8B000414011F447
:10519000407F11D0D8F84410D8F8442042F480322F
:1051A000C8F84420D8F8442021F4407122F4803219
:1051B000C8F84420C8F84410B0F5807F40F0D08291
:1051C000FEF7EAFA064641F2883A0325032700BFB4
:1051D000D8F84400800700F1C182FEF7DDFA801B99
:1051E0005045F5D9AEE700BF04F12800012103F0D6
:1051F000F3FB0AE0012501262078800719D446E058
:1052000004F10800012103F053FB05462E461DB1B1
:10521000207880070DD43AE0D8F82800A16F20F05C
:10522000380000250843C8F828003E46207880074B
:105230002DD5606F05280FD8DFE800F004140804AE
:10524000040400BF2F46ADB918E000BF04F12800E8
:10525000012103F0C1FB0AE0012501272078400766
:1052600019D447E004F10800012103F021FB0546B1
:105270002F461DB1207840070DD43BE0D8F8280018
:10528000616F20F0070000250843C8F82800374662
:10529000207840072ED5D4F8900005280ED8DFE8F6
:1052A00000F00313070303032E46ADB918E000BF57
:1052B00004F12800012103F08FFB0AE001250126FB
:1052C000207880061AD44BE004F10800012103F095
:1052D000EFFA05462E461DB1207880060ED43FE039
:1052E000D8F82C00D4F8901020F0070000250843CF
:1052F000C8F82C003E462078800631D5D4F88C00C2
:105300004FEA307005280FD8DFE800F004140804D5
:10531000040400BF2F46ADB918E000BF04F1280017
:10532000022103F059FB0AE00125012720784006FD
:105330001AD44BE004F10800002103F0B9FA054645
:105340002F461DB1207840060ED43FE0D8F8280043
:10535000D4F88C1020F0E04000250843C8F828005D
:1053600037462078400631D5D4F898004FEAB0206F
:1053700005280FD8DFE800F004140804040400BF77
:105380002E46ADB918E000BF04F12800022103F059
:1053900023FB0AE001250126207800061AD44EE0FE
:1053A00004F10800002103F083FA05462E461DB1E2
:1053B000207800060ED442E0D8F82C00D4F89810DB
:1053C00020F4E05000250843C8F82C003E46207821
:1053D000000634D5D4F89C004FEA7030052815D863
:1053E000DFE800F0041A0E04040400BF2F46E5B104
:1053F0002068010727D4C1063ED4000355D477E0C6
:1054000004F12800022103F0E7FA0AE00125012750
:1054100020680107EFD516E004F10800002103F031
:1054200047FA0546002D2F46E2D1D8F82C00D4F8D3
:105430009C1020F4604000250843C8F82C00374633
:1054400020680107D7D5D4F88000B0F5805F09D176
:1054500004F12800022103F0BFFA002818BF012739
:10546000D4F88000D8F8281021F440510843C8F837
:1054700028002068C106C0D5D4F89400B0F5807F1C
:1054800009D104F12800022103F0A6FA002818BF70
:105490000127D4F89400D8F82C1021F44071084367
:1054A000C8F82C002068000322D5D4F8A000B0F57D
:1054B000003F11D0B0F5803F08D0002844D104F15E
:1054C0000800002103F0F4F905E000BF04F1280012
:1054D000022103F081FA05462E4655B9D8F82C0072
:1054E000D4F8A01020F4403000250843C8F82C0060
:1054F0003E46A07840072CD5D4F88400B0F5401F74
:105500000BD0B0F5001F0BD0B0F5801F2AD1D8F812
:10551000000040F40030C8F800002F46D5B907E07D
:1055200004F12800012103F057FA05462F468DB9F2
:10553000D8F82800D4F8841020F44010002508433F
:10554000C8F8280005E000BF01250126A078400723
:10555000D2D43746A078C00709D13E4621688800DA
:1055600015D532E001250127A078C007F5D0206DC0
:10557000B0F5803F10D018BBD8F8000040F40030E0
:10558000C8F800002E4685B1216888001DD46068E7
:105590008A0326D465E000BF04F10800022103F06D
:1055A00087F90546002D2E46EED1D8F82000216D52
:1055B00020F4803000250843C8F82000CDE700BF64
:1055C0000125012621688800E1D504F12800022187
:1055D00003F002FA002818BF0126D4E900108A035C
:1055E0003FD5E26F6FF0010303EB3223022B0BD3A5
:1055F0004FEA322343B1012B40F0AA80D8F80030A3
:1056000043F40033C8F8003025B3CA022CD48A0210
:1056100034D44A003CD4CA0F49D1090251D4C1073D
:105620005AD1810763D441076CD4010776D4C106EF
:1056300000F18080800607D504F12800022103F0E4
:10564000CBF9002818BF0125002D18BF01252846D9
:10565000BDE8F087D8F8283023F440731A43C8F81F
:1056600028203546CA02D2D5D8F82420236F22F04C
:1056700000421A43C8F824208A02CAD5D8F8242048
:10568000A36E22F080721A43C8F824204A00C2D5C3
:1056900058F81C2C22F4004248F81C2CD4F8B420F2
:1056A00058F81C3C1A4348F81C2CCA0FB5D0D8F83F
:1056B0002020636D22F040521A43C8F820200902CE
:1056C000ADD5D8F82810D4F8882021F44001114332
:1056D000C8F82810C107A4D004F10800002103F085
:1056E000E7F8002818BF0546606881079BD504F1DC
:1056F0000800012103F0DCF8002818BF05466068A7
:10570000410792D504F10800022103F0D1F80028E6
:1057100018BF0546606801077FF589AF04F12800CE
:10572000002103F059F9002818BF05466068C1063A
:105730007FF580AF04F12800012103F04DF9002826
:1057400018BF0546606880063FF576AF7CE700BF6E
:105750000125CA027FF55BAF86E700BFD4F8B00031
:105760004FF6CF7358F81C2CC0F2FF0300F44071C1
:1057700022F47C5203EA10136FF31F30B1F5407F1F
:1057800008BF1A43002548F81C2CD8F844100843D9
:10579000C8F84400FFF7BBBC2DE9F04381B00028F6
:1057A00000F0208142F200090446C5F20029D9F830
:1057B000000000F00F0081420DD9D9F8000020F060
:1057C0000F000843C9F80000D9F8000000F00F00EE
:1057D000884240F00781206844F218464207C5F627
:1057E00002060AD52269336803F070039A4204D98D
:1057F000336823F070031A43326002070AD56269E6
:10580000736803F070039A4204D9736823F070033D
:105810001A437260C2060AD5A269736803F4E06392
:105820009A4204D9736823F4E0631A4372608206D3
:105830000AD5E269B36803F070039A4204D9B368E9
:1058400023F070031A43B26010F002020AD0E3683A
:10585000376807F00F07BB4204D9376827F00F07F6
:105860003B433360C3073FD0306820F47062D4E913
:1058700001031A433260012856F8182C0AD0032875
:1058800004D002280AD192030BD4ABE0920108D4D1
:10589000A8E000BFD20504D4A4E000BF520740F145
:1058A000A180884656F8081C21F00701084346F8F5
:1058B000080CFDF771FF054641F2883756F8080CD1
:1058C000616800F03800B0EBC10F09D0FDF764FF4C
:1058D000401BB842F2D9032001B0BDE8F08300BFFD
:1058E0002068414600F0020252B1E268336803F0DA
:1058F0000F039A4204D2336823F00F031A43326035
:10590000D9F8002002F00F0291420CD2D9F8002001
:1059100022F00F020A43C9F80020D9F8002002F053
:105920000F028A425ED141070AD52169326802F02E
:105930007002914204D2326822F070021143316049
:1059400001070AD56169726802F07002914204D2BF
:10595000726822F0700211437160C1060AD5A16914
:10596000726802F4E062914204D2726822F4E0624A
:105970001143716080060AD5E069B16801F07001D9
:10598000884204D2B16821F070010843B06000F091
:10599000B7F831684EF63C22C0F60002C1F303218D
:1059A000515C336803F00F0301F01F01D25C20FA51
:1059B00001F102F01F0040F20C02C2F2004221FA93
:1059C00000F0106040F2040040F20802C2F2004011
:1059D000C2F200420068116001B0BDE8F043FDF77B
:1059E00027BF00BF012001B0BDE8F0830000000028
:1059F00080B500F085F844F218414EF63C23C5F618
:105A00000201C0F600030A68C2F303229A5C096827
:105A100001F00F0102F01F02595C20FA02F201F0BE
:105A20001F0040F20C01C2F2004122FA00F00860AF
:105A300040F20801C2F200410A6080BD000000008F
:105A400080B500F05DF844F2184C4EF63C23C5F6E4
:105A5000020CC0F60003DCF80020C2F303229A5CBB
:105A6000DCF8001001F00F0102F01F02595CD04079
:105A700040F20C02C2F2004201F01F0120FA01F1D3
:105A8000116040F20802C2F200421060DCF804002B
:105A9000C0F30210185C00F01F0021FA00F080BD76
:105AA00080B500F02DF844F2184C4EF63C23C5F6B4
:105AB000020CC0F60003DCF80020C2F303229A5C5B
:105AC000DCF8001001F00F0102F01F02595CD04019
:105AD00040F20C02C2F2004201F01F0120FA01F173
:105AE000116040F20802C2F200421060DCF80400CB
:105AF000C0F30220185C00F01F0021FA00F080BD06
:105B000044F20041C5F602010869C0F3C20003284F
:105B100016D002280ED0002832D10868800649F23B
:105B20000000C0F2D03058BF70470968C1F3C1010E
:105B3000C840704743F20060C0F26E10704700BF6B
:105B40008B6A886AD1F82CC04A6BC0F30510E8B1A3
:105B5000C2F3CC0203F0030300EE102A9FED2A1AD1
:105B6000B8EE400A20EE010A9FED281ADFE803F0A4
:105B7000022110210A6892060ED49FED261A18E021
:105B800040F60010C0F23D00704700BF0020704793
:105B90009FED1F1A0DE000BF0A6849F20003C0F232
:105BA000D033C2F3C10223FA02F201EE102AB8EE9A
:105BB000411A0A6B9FED183A6FF35F2202EE102A2A
:105BC0005FEACC7203FE000A03EE100A086BB8EE1F
:105BD000422AC0F34620B8EE433A013030EE020AC2
:105BE000B7EE002A81EE031A30EE020A21EE000A17
:105BF00001EE100AB8EE411A80EE010ABCEEC00AAE
:105C000010EE100A704700BF000000390024744AEB
:105C1000001BB74B0024744C000000000000000083
:105C200070B3F0B581B00446007844F20046C00776
:105C3000C5F6020626D1207880076AD5306910F0B3
:105C40003801B06A42D0182908BF5FEA80703DD0A1
:105C5000E0683168002800F02D8121F01901084327
:105C60003060FDF799FD0546306840074AD4FDF7DE
:105C700093FD401B0228F7D9032001B0F0BD00BFFF
:105C800001207047306900F03801B06A102905D052
:105C900018290BD100F00300022807D130688003D7
:105CA000C9D560680028C6D1AAE000BF6168306825
:105CB000002900F03981B1F5A02F00F02D81B1F558
:105CC000803F40F0478140F4803049E13068400730
:105CD000E06802D5002800F09380316821F01901B6
:105CE00008433060FDF758FD054600BF30684007A7
:105CF00008D4FDF751FD401B02284FF00300F5D9F1
:105D000001B0F0BD7068216920F0FE4040EA0160FA
:105D100070602078C0061AD5306900F03801B06A8A
:105D2000082907D0182940F0858000F003000128D9
:105D300040F080803068C00502D5E06980285FD1DE
:105D4000F068216A20F07C5040EA0160F060207821
:105D500000073FD42078800656D42078400700F111
:105D60008180656A9DB3306900F03800182840F0E2
:105D70001981012DB16A306B42D001F00302A36A90
:105D80009A423DD1C1F30511E26A914238D10146F0
:105D9000226B6FF35F21013A914231D1C0F3462269
:105DA000616B01398A422BD1C0F30642A16B0139E4
:105DB0008A4225D1C0F30660E16B013988421FD1C8
:105DC000706BA16CC0F3CC00814240F0A581002033
:105DD00001B0F0BD60690028706F59D040F001003B
:105DE0007067FDF7D9FC0546706F8007B2D4FDF7E8
:105DF000D3FC401B0228F7D9032001B0F0BD00BF3F
:105E0000012001B0F0BD00BFA0690028306871D04A
:105E100040F480503060FDF7BFFC054630688004D8
:105E20009BD4FDF7B9FC401B0228F7D9032001B031
:105E3000F0BD00BFE0690028306800F0A18040F0AC
:105E400080003060FDF7A8FC054600BF3068C00543
:105E50003FF576AFFDF7A0FC401B02284FF0030092
:105E6000F4D94DE7D6F8000440F48070C6F8000479
:105E7000FDF792FC054600BFD6F80004C0052BD400
:105E8000FDF78AFC401B6428F6D9032001B0F0BD61
:105E900020F001007067FDF77FFC0546706F8007FA
:105EA0007FF558AFFDF778FC401B02284FF0030048
:105EB000F4D925E721F001003060FDF76DFC0546BF
:105EC000306840077FF525AFFDF766FC401B0228D0
:105ED0004FF00300F4D913E7A168306F002900F0F8
:105EE0008B80052900F08080012940F09D8040F0E2
:105EF00001009FE020F480503060FDF74DFC054626
:105F0000306880047FF529AFFDF746FC401B02286E
:105F10004FF00300F4D9F3E640F48020306030689D
:105F200040F480301CE000BF20F4803030603068E6
:105F300020F480203060FDF72FFC05463068800398
:105F40007FF579AEFDF728FC401B64284FF0030075
:105F5000F4D9D5E620F480303060306820F4802019
:105F60003060FDF719FC0546306880033FF563AEED
:105F7000FDF712FC401B6428F6D9032001B0F0BDE8
:105F800020F080003060FDF707FC05463068C00552
:105F90007FF5DDAEFDF700FC401B02284FF003004B
:105FA000F4D9ADE6306820F080703060FDF7F4FB86
:105FB000022D05460CD100BF306880014CD5FDF79D
:105FC000EBFB401B02284FF00300F5D998E600BF19
:105FD000306880017FF5FBAEFDF7DEFB401B022839
:105FE0004FF00300F4D98BE640F004003067306FC7
:105FF00040F001001EE000BF20F001003067306F6C
:1060000020F004003067FDF7C7FB054641F28837F2
:10601000306F80077FF5A5AEFDF7BEFB401BB84291
:106020004FF00300F4D96BE620F001003067306FC9
:1060300020F004003067FDF7AFFB054641F28837DA
:10604000306F80073FF58DAEFDF7A6FB401BB842D1
:106050004FF00300F4D953E604F12807B06A40F288
:10606000F33188438ECF0843591E40EA02104FF4A3
:106070007E426FF35F21B06202EB47204FF4FE02D5
:1060800080B2E36B0844A16B02EB01414FF0FE428A
:1060900001F4FE0102EB0362084402F0FE410844F1
:1060A0003063F06A4FF6F87120F00100F062706B17
:1060B000A26C884340EAC2007063F06A216C20F051
:1060C0000C000843F062F06A616C20F002000843A3
:1060D000F062F06A40F48030F062F06A40F4003020
:1060E000F062F06A40F48020F062F06A40F0010053
:1060F000F062306840F080703060FDF74DFB044680
:10610000306880013FF563AEFDF746FB001B0228B7
:106110004FF00300F4D9F3E5F06A20F00100F062DB
:10612000FDF73AFB0546FDF737FBA842FBD0706B45
:106130004FF6F871A26C884340EAC2007063F06ABF
:1061400040F00100F062002001B0F0BD000000004E
:10615000411E0020B0EB116F02D00120704700BF3C
:106160004EF21002F023CEF2000251604EF623519F
:10617000CEF200010B7007219060116070470000A3
:1061800070470000000000007047000000000000A1
:10619000704700000000000090F83C20012A4FF0FA
:1061A000020266D0B0B580F83D2040F2004C026893
:1061B000C4F2010C42F4806363455368D2F808E0EE
:1061C00002BF23F470034C6823434DF6FF740D683F
:1061D000C4F2000423F07003A24243EA05035360B3
:1061E00014DC40F2FF73C4F200039A4222DD40F651
:1061F0000003C4F200039A422ED040F60043C4F2DA
:1062000000039A4228D041F6000321E04FF6FF73C5
:10621000C4F200039A4213DD0023C4F201039A4240
:106220001AD044F20003C4F201039A4214D062452A
:1062300012D016E0B2F1804F0ED040F2004307E0DA
:106240004EF20003C4F200039A4205D04EF200431E
:10625000C4F200039A4204D12EF0800389681943E6
:1062600091600022012180F83D1080F83C20BDE8BB
:10627000B04010467047000060B310B5044690F877
:106280003D0028B9002084F83C00204600F024F8A6
:10629000022084F83D002068211D02F009FD012044
:1062A00084F8480084F83E0084F83F0084F84000F9
:1062B00084F8410084F8420084F8430084F84400E4
:1062C00084F8450084F8460084F8470084F83D00CF
:1062D000002010BD0120704710B582B040F600418B
:1062E0000068C4F20001884214D040F60001C4F2F4
:1062F0000001884228D144F2E8401E24C5F602007D
:10630000016841F004010160006800F004000190A0
:1063100001980DE044F2E8403224C5F6020001681D
:1063200041F008010160006800F00800009000984A
:10633000002100222046FDF7C7FA204602B0BDE842
:106340001040FDF7ADBA00BF02B010BD0000000064
:1063500090F83D10012927D1022180F83D100168F5
:106360004DF6FF70C4F200008142C86840F00100A1
:10637000C8601BDC40F2FF70C4F2000081422DDDDA
:1063800040F60000C4F2000081423DD040F60040DB
:10639000C4F20000814237D041F60000C4F2000090
:1063A000814231D03CE000BF012070474FF6FF70C2
:1063B000C4F2000081421BDD0020C4F201008142D2
:1063C00022D044F20000C4F2010081421CD040F20D
:1063D0000040C4F20100814216D021E0B1F1804FAB
:1063E00012D040F20040C4F2000081420CD017E00D
:1063F0004EF20000C4F20000814205D04EF200408F
:10640000C4F2000081420BD107228868C0F2010269
:1064100002400020062A18BFB2F5803F00D1704725
:10642000086840F00100086000207047000000008C
:1064300090F83C20012A4FF0020200F0AA8080B5BB
:1064400080F83D208822D0F800C0CFF6CE72DCF86C
:1064500008301A40CCF808200B686F2B0EDDB3F122
:10646000101F37DAB3F5005F6EDA702B00F0B680DC
:10647000B3F5805F00F08480D8E000BF2F2B33DDC0
:106480004F2B39DC302B6FD0402B40F0CF80D1F830
:1064900004E0C968DCF82030DCF8202022F001029A
:1064A000CCF82020DCF8182022F0F00242EA01119A
:1064B00023F00A02CCF8181042EA0E01CCF82010A2
:1064C0004FF68872DCF80810CFF6CF7211404731D2
:1064D00054E000BF2F21C0F210018B423ADCB3F12F
:1064E000101F41D020213BE0002B18BF102B3BD0C8
:1064F000202B39D09AE000BF502B4DD0602B40F0BC
:106500009580D1F804E0C968DCF82030DCF8202060
:1065100022F01002CCF82020DCF8182022F470427F
:1065200042EA013123F0A002CCF8181042EA0E1121
:10653000CCF820104FF68872DCF80810CFF6CF7236
:10654000114067311AE000BF5CD0B3F5801F0BD05B
:106550006CE000BF3021C0F210018B4204D040211A
:10656000C0F210018B4261D14FF68872DCF808103E
:10657000CFF6CF721140194341F00701CCF8081053
:106580000022012180F83D10002180F83C10BDE878
:1065900080401046704700BFD1F804E0C968DCF8BD
:1065A0002030DCF8202022F00102CCF82020DCF89A
:1065B000182022F0F00242EA011123F00A02CCF87E
:1065C000181042EA0E01CCF820104FF68872DCF861
:1065D0000810CFF6CF7211405731CFE701F1040E0A
:1065E0009EE80C40DCF808101A4321F47F4142EA8F
:1065F0000E221143CCF80810DCF8081041F07701A6
:10660000BCE700BF01F1040E9EE80C40DCF8081066
:106610001A4321F47F4142EA0E221143CCF80810BC
:10662000DCF8081041F48041A8E700BF0122A8E788
:106630007047000000000000F0B581B0044600681B
:10664000C5680669B10717D515F0020114D06FF0BF
:1066500002010161012121778069800704D0204671
:10666000FFF7E6FF06E000BF204600F09DF8204659
:1066700000F05AFB00202077700719D515F00400B0
:1066800016D020686FF00401016102212177806932
:1066900010F4407F04D02046FFF7CAFF06E000BF99
:1066A000204600F081F8204600F03EFB00202077D5
:1066B000300717D515F0080014D020686FF00801D6
:1066C000016104212177C069800703D02046FFF7CC
:1066D000AFFF05E0204600F067F8204600F024FBFD
:1066E00000202077F00619D515F0100016D020688C
:1066F0006FF01001016108212177C06910F4407F1B
:1067000004D02046FFF794FF06E000BF204600F0CB
:106710004BF8204600F008FB00202077F00718BF58
:1067200015F0010006D020686FF0010101612046DC
:1067300000F0B6FB05F0800716F4025F18BF002FCB
:1067400002D1F00509D410E020686FF40251016114
:106750002046FFF719FDF00507D537B120686FF423
:10676000807101612046FFF70BFD700609D515F019
:10677000400006D020686FF040010161204600F023
:10678000ABFCB0060CD515F0200009D020686FF0E6
:1067900020010161204601B0BDE8F040FFF7F8BCE0
:1067A00001B0F0BD000000007047000000000000D4
:1067B00090F83C30012B01D1022070474FEAB20221
:1067C000052A00F223812DE9F041DFE812F00700ED
:1067D000BB00570095003100F90000BF036843F685
:1067E000FF76C4F201061C6AB3421A6A24F002045E
:1067F00022F001021A621A46D3F804C052F818EFC8
:106800008D6844EA0504D1F8008040F3818144F2A8
:106810000007C4F20107BB4200F0858144F600077F
:10682000C4F20107BB4200F07E8144F2004776E1EA
:10683000036843F6FF77C4F20107D3F820C0BB42D8
:106840001A6A22F480321A621A465C6852F8546F4F
:106850000D68D1F808E040F3DF8044F20007C4F28D
:106860000107BB4200F0E38044F60007C4F20107D1
:10687000BB4200F0DC8044F20047D4E0036840F201
:10688000004E43F48067C4F2010E1C6A77451A6A11
:1068900024F4007422F480721A621A465D6852F879
:1068A0001CCF8E6844EA062407D1CE6840F2FF4729
:1068B000360224F44064BE43344343F6FF76D1F8F5
:1068C0000080C4F20106B34240F3D28044F20007D4
:1068D000C4F20107BB4200F0D28044F60007C4F2C4
:1068E0000107BB4200F0CB8044F20047C4F201072D
:1068F000BB4200F0C480C9E0036843F6FF77C4F2EE
:106900000107D3F820C0BB421A6A22F480521A62EF
:106910001A465C6852F81C6F0D68D1F808E040F325
:10692000CD8044F20007C4F20107BB4200F0D180E1
:1069300044F60007C4F20107BB4200F0CA8044F2EB
:106940000047C2E0036840F2004E43F48067C4F29F
:10695000010E1C6A77451A6A24F0200422F0100206
:106960001A621A465D6852F818CF8E6844EA061417
:1069700007D1CE686FF0400724F0C00407EA06167E
:10698000344343F6FF76D1F80080C4F20106B342E7
:1069900040F3E08044F20007C4F20107BB4200F07C
:1069A000E08044F60007C4F20107BB4200F0D98042
:1069B00044F20047C4F20107BB4200F0D280D7E0A6
:1069C000036843F6FF77C4F20107D3F820C0BB4247
:1069D0001A6A22F480121A621A465C6852F8546FDE
:1069E0000D68D1F808E040F3058144F20007C4F2D5
:1069F0000107BB4200F0098144F60007C4F2010719
:106A0000BB4200F0028144F20047FAE0012100227B
:106A100080F83C20084670470027C4F20107BB42BB
:106A200005D040F20047C4F20107BB4204D14F69D0
:106A300024F4803444EA07244FF68C775C60CFF668
:106A4000FE7703373E402CF4003746EA05045C65C8
:106A50004E6809699E6547EA0E471F625F6D47F001
:106A600008075F655F6D27F004075F65EEE000BF14
:106A70000027C4F20107BB4201D0734506D1D1E91A
:106A80000576374325F4405646EA07154FF68C77CE
:106A90005D60CFF6FE7707EA0C0747EA0807DF617B
:106AA0004F680969DF631C62DF6947F00807DF612F
:106AB000DF6927F00407DF61C8E000BF0027C4F2E8
:106AC0000107BB4205D040F20047C4F20107BB42B8
:106AD00004D14F6924F4804444EA871448F6FF4700
:106AE0005C60CFF6FF673E402CF4005746EA052471
:106AF000DC614E6809691E6447EA0E371F62DF6970
:106B000047F40067DF61DF6927F48067DF619CE09D
:106B10000027C4F20107BB4205D040F20047C4F28F
:106B20000107BB4205D1CF6824F00C0427F004070D
:106B30003C43B34234DD44F20006C4F20106B342E2
:106B400039D044F60006C4F20106B34233D044F211
:106B500000462CE00027C4F20107BB4201D0734578
:106B600006D1D1E90576374325F4406646EA870524
:106B700048F6FF475D60CFF6FF6707EA0C0747EA74
:106B800008279F614F6809699F631C629F6947F4EA
:106B900000679F619F6927F480679F6155E000BF90
:106BA0000026C4F20106B34205D040F20046C4F20A
:106BB0000106B34206D12CF44077D1E9056537438D
:106BC00047EA050C4FF68C75C3F804C0CFF6FE7586
:106BD0000EEA050747EA08079F614F6809695F6386
:106BE0001C629F6947F008079F619F6927F00407AF
:106BF0009F612BE00027C4F20107BB4205D040F2A1
:106C00000047C4F20107BB4204D14F6924F4802439
:106C100044EA872448F6FF475C60CFF6FF6707F534
:106C200040773E402CF4001746EA05245C654E6828
:106C30000969DE6547EA0E571F625F6D47F400671A
:106C40005F655F6D27F480675F650902136819430C
:106C500011600021BDE8F041002280F83C20084688
:106C6000704700000000000060B310B5044690F8C3
:106C70003D0028B9002084F83C00204600F024F8AC
:106C8000022084F83D002068211D02F011F8012047
:106C900084F8480084F83E0084F83F0084F84000FF
:106CA00084F8410084F8420084F8430084F84400EA
:106CB00084F8450084F8460084F8470084F83D00D5
:106CC000002010BD0120704782B041F6000100682D
:106CD000C4F20001884215D040F20041C4F2000124
:106CE00088421CD144F2E840C5F60200016841F038
:106CF00002010160006800F002000190019802B0FA
:106D0000704700BF44F2E840C5F60200016841F058
:106D100040010160006800F040000090009802B05F
:106D200070470000000000007047000000000000F5
:106D300080B5C9B10B1F4FF03F0C4FEAB30E432291
:106D4000BEF1040F38BF0CEBB302825C012A13D1F1
:106D5000BEF1030F1ED8DFE80EF00319111500BFB6
:106D6000022280F83F2018E090F83E20012A03D14B
:106D7000022280F83E2010E0012080BD022280F82F
:106D800041200AE0022280F8422006E0022280F838
:106D9000402002E0022280F84320026801F01F0038
:106DA000012101FA00F0116A814311624EF2FF31B4
:106DB000C4F200018A42116A40EA0100106215DC47
:106DC00040F6FF30C4F20000824227DCB2F1804F6F
:106DD0004ED040F20040C4F20000824248D040F65B
:106DE0000000C4F20000824242D053E043F6FF703C
:106DF0000021C4F20100C4F20101824244F2000009
:106E0000C4F201001EDC4EF20043C4F200039A42B9
:106E10002ED08A4224D040F200431DE040F60040CC
:106E2000C4F20000824223D041F60000C4F2000008
:106E300082421DD04EF20000C4F20000824217D000
:106E400028E000BF82420BD044F60003C4F20103E5
:106E50009A4205D044F20043C4F201039A4219D188
:106E6000536C8A4243F40041516418BF82420BD1F3
:106E700007219068C0F2010101400020062918BFD7
:106E8000B1F5803F06D180BD40F20040C4F2010060
:106E90008242EDD0106840F001001060002080BDFB
:106EA00043F27871C2F200410978002908BF7047A7
:106EB00041F6FF310068C4F20001884224DD40F24F
:106EC000FF31C4F20101884242DC4DF6FF71C4F289
:106ED0000001884200F3888041F60041C4F20001BD
:106EE000884200F0C18042F20001C4F200018842F1
:106EF00040F0DA8040F2D010C2F20040406D00282D
:106F000040F0E780DCE000BF40F6FF31C4F2000152
:106F100088423BDD41F2FF31C4F2000188424FDC80
:106F200040F60041C4F20001884200F0858041F241
:106F30000001C4F20001884240F0B68040F2D01057
:106F4000C2F20040C06A002840F0C380B8E000BF31
:106F500044F2FF31C4F20101884259DC40F20041A1
:106F6000C4F20101884200F0878044F20001C4F2BB
:106F70000101884240F0988040F2D010C2F20040F7
:106F8000C06D002840F0A5809AE000BFB0F1804FAE
:106F900000F0988040F20041C4F2000188425BD0CA
:106FA00040F60001C4F20001884240F07D8040F2CA
:106FB000D010C2F20040C069002840F08A807FE013
:106FC00041F20041C4F2000188423DD041F6000187
:106FD000C4F20001884267D140F2D010C2F20040F2
:106FE000406C002875D16BE04EF20001C4F2000144
:106FF000884249D00021C4F20101884254D140F2B4
:10700000D010C2F200404068002862D158E000BFB2
:1070100044F20041C4F2010188423DD044F600012F
:10702000C4F2010188423FD140F2D010C2F20040C8
:10703000C06E00284DD143E040F2D010C2F20040B3
:10704000406A002845D13BE040F2D010C2F2004037
:10705000406B00283DD133E040F2D010C2F2004036
:107060004069B0BB2CE000BF40F2D010C2F200403B
:10707000C06C70BB24E000BF40F2D010C2F20040F0
:10708000C06B30BB1CE000BF40F2D010C2F2004029
:10709000406FF0B914E000BF40F2D010C2F20040DF
:1070A000406EB0B90CE000BF4EF20041C4F20001E6
:1070B000884205D140F2F020C2F20040406840B959
:1070C000704700BF40F2D010C2F20040C0680028F4
:1070D000F6D00047000000007047000000000000EC
:1070E00090F88410012901D1022070472421C0F8B2
:1070F000881001680A680B6822F0005223F001032F
:107100000B60002343660A602021C0F8881080F8D5
:107110008430002070470000D0F88C30202B07D13D
:1071200010B504460120002918BF002A02D110BD65
:1071300002207047E06600202067204602F020FD14
:10714000002818BF10BDE06E01282DD12068102145
:107150000162206850E8000F216840F0100041E80B
:107160000002002A1FBF206850E8000F216840F08D
:1071700010001CBF41E80002002A17D0206850E828
:10718000000F216840F0100041E8000272B1206851
:1071900050E8000F216840F0100041E80002002094
:1071A000002AD6D1C3E700BF012010BD002010BDCA
:1071B00070B540F6FF730268C4F201039A4217DC0F
:1071C00045F20003C4F200039A4229D047F60003B7
:1071D000C4F200039A4261D047F60043C4F20003B0
:1071E0009A4240F0E58040F67835C2F200456BE007
:1071F00041F60043C4F201039A4249D041F600032C
:10720000C4F201039A425BD041F20003C4F20103CD
:107210009A4218BF70BD40F20846C2F2004641E0F3
:1072200040F64804C2F20044B4F80421A4F808115E
:10723000914209D804F18402D4F80C310546104675
:107240009847B4F804212846520004F1840192B210
:10725000FFF762FF42F6703040F20F41C2F2004089
:10726000C4F202010068884246DC6F21C4F20201C8
:10727000884257DC3F21C4F2020188426EDC1021B3
:10728000C4F20201884200F08F80282188E000BF0C
:1072900040F2F825C2F2004516E000BF40F668262D
:1072A000C2F20046B6F8042106F18403A6F80811DC
:1072B0001946520092B2BDE87040FFF72DBF00BFE3
:1072C00040F68845C2F20045B5F8042105F1840472
:1072D000A5F808110E462146FFF71EFFB5F8080174
:1072E000B5F80421904263D83146D5F80C212046E8
:1072F000BDE87040104700BF40F26F41C4F2020188
:1073000088421BDC40F23F41C4F2020188422DDC7E
:1073100040F21041C4F20201884245D040F22841B7
:107320003EE000BF9F21C4F20201884228DC7021A8
:10733000C4F20201884237D0882131E040F29F41F7
:10734000C4F20201884223DC40F27041C4F202011F
:10735000884229D040F2884122E000BF4021C4F297
:107360000201884220D058211AE000BF40F240417B
:10737000C4F20201884217D040F2584110E000BF29
:10738000A021C4F2020188420ED0B82108E000BF5B
:1073900040F2B841C4F20201884205D040F2A04157
:1073A000C4F20201884205D1016821F008010160A0
:1073B00070BD00BF016821F00401F8E70000000083
:1073C000704700000000000090F88420012A01D1DD
:1073D0000220704770B52422C0F888200268D0F8D7
:1073E00064E0BEF1000FD2F800C0136823F001037F
:1073F0001360936823F0606341EA0301916019D040
:1074000091684EF6742E9368C0F6000E5B0F4EF630
:107410007C25C1F34266C0F600051EF80340E95C16
:107420002301B3FBF1F11EF80630AE5D1B01B3FB87
:10743000F6F301E001210123A0F86A102021A0F851
:107440006830C2F800C0C0F88810002180F88410AD
:10745000002070BD0000000090F88420012A01D1B6
:107460000220704770B52422C0F888200268D0F846
:1074700064E0BEF1000FD2F800C0136823F00103EE
:107480001360936823F0604341EA0301916019D0CF
:1074900091684EF6742E9368C0F6000E5B0F4EF6A0
:1074A0007C25C1F34266C0F600051EF80340E95C86
:1074B0002301B3FBF1F11EF80630AE5D1B01B3FBF7
:1074C000F6F301E001210123A0F86A102021A0F8C1
:1074D0006830C2F800C0C0F88810002180F884101D
:1074E000002070BD00000000704700000000000098
:1074F000704700000000000010B50446206850E806
:10750000000F216820F4907041E80002F2B1206879
:1075100050E8000F216820F4907041E80002002A32
:107520001FBF206850E8000F216820F490701CBF36
:1075300041E80002002A09D0206850E8000F2168C5
:1075400020F4907041E80002002AD7D14FF6FE7077
:10755000CEF6FF70216851E8021F2268014042E820
:107560000213DBB1216851E8021F2268014042E8A2
:107570000213002B1FBF216851E8021F226801403F
:107580001CBF42E80213002B08D0216851E8021FFB
:107590002268014042E80213002BDBD1E06E012893
:1075A00027D1206850E8000F216820F0100041E842
:1075B0000002F2B1206850E8000F216820F01000AE
:1075C00041E80002002A1FBF206850E8000F216830
:1075D00020F010001CBF41E80002002A09D02068FA
:1075E00050E8000F216820F0100041E80002002A56
:1075F000D7D12068806840063AD5206850E8020F4D
:10760000216820F0400041E80202F2B1206850E811
:10761000020F216820F0400041E80202002A1FBF4B
:10762000206850E8020F216820F040001CBF41E8AC
:107630000202002A09D0206850E8020F216820F0D9
:10764000400041E80202002AD7D1D4F8800078B186
:1076500000210165F9F7F4FA50B1D4F88000F9F788
:10766000DFFE202804D11020C4F89000032010BDB4
:107670000020A4F85E0021680F220A628A6942F0A5
:1076800008028A612021C4F88C10E06610BD000059
:10769000704700000000000070B5016840F62F023E
:1076A000CB691A40202A0A688E680BD102F02004A8
:1076B00006F080552D1917D0416F69B3BDE87040B1
:1076C000084700BF40F60F052B420DD0012540F2C0
:1076D0002014C1F20005C0F2004406EA050C02EADB
:1076E000040515EB0C0525D1DD06C46E16D5012C5D
:1076F00014D112F0100511D010220A6289684906CF
:1077000066D4B0F85C10B0F85E20B0F85E30002BA4
:1077100018BF914240F05C8270BD00BFDD0215D5FC
:1077200016F4800512D04FF480120A62BDE8704052
:10773000FFF7DEBEDD0718BF12F4807540F01E8132
:107740009D0706F0010E00F125812EE1190606D5F0
:1077500002F0800106F40006891940F0BF82590644
:1077600040F1008112F0400100F0FC80016851E816
:10777000001F026821F0400142E80013F3B10168E4
:1077800051E8001F026821F0400142E80013002B7D
:107790001FBF016851E8001F026821F040011CBFB3
:1077A00042E80013002B09D0016851E8001F02686D
:1077B00021F0400142E80013002BD7D12021C0F86E
:1077C000881000218167BDE8704000F069BC00BFEF
:1077D000D0F880100A68526893B2002B9CD0B0F8A1
:1077E0005C60B34298D2A0F85E20C969B1F5807F91
:1077F00000F0AC80016851E8001F026821F480713C
:1078000042E80013F3B1016851E8001F026821F457
:10781000807142E80013002B1FBF016851E8001F70
:10782000026821F480711CBF42E80013002B09D0CC
:10783000016851E8001F026821F4807142E80013DA
:10784000002BD7D1016851E8021F026821F0010125
:1078500042E80213F3B1016851E8021F026821F007
:10786000010142E80213002B1FBF016851E8021F0B
:10787000026821F001011CBF42E80213002B09D06D
:10788000016851E8021F026821F0010142E8021379
:10789000002BD7D1016851E8021F026821F0400196
:1078A00042E80213F3B1016851E8021F026821F0B7
:1078B000400142E80213002B1FBF016851E8021F7C
:1078C000026821F040011CBF42E80213002B09D0DE
:1078D000016851E8021F026821F0400142E80213EA
:1078E000002BD7D12021C0F88C100021C16601687F
:1078F00051E8001F026821F0100142E80013F3B1C3
:10790000016851E8001F026821F0100142E80013ED
:10791000002B1FBF016851E8001F026821F0100111
:107920001CBF42E80013002B09D0016851E8001F7A
:10793000026821F0100142E80013002BD7D1D0F8E3
:10794000801004460846F9F77BF9204602210167BA
:10795000B0F85C10B0F85E20891A89B2BDE87040BA
:10796000FFF726BC190240F1C58112F0804100F0FA
:10797000C181BDE87040FFF7B7BD00BF01250D62B2
:10798000D0F8905045F00105C0F890509D0706F0E2
:10799000010E0AD5BEF1000F07D002240C62D0F808
:1079A000904044F00404C0F890405C070AD5BEF152
:1079B000000F07D004250D62D0F8905045F0020565
:1079C000C0F890501D070CD502F0200555EA0C05B3
:1079D00007D008250D62D0F8905045F00805C0F892
:1079E00090501D050BD512F0806508D04FF400654E
:1079F0000D62D0F8905045F02005C0F89050D0F8B6
:107A00009050002D3FF488AE9B060BD502F020026B
:107A100006F08053D21805D0426F1AB10446904741
:107A200020462168D0F89020896801F0400102F0DA
:107A30002802891806D10446FFF72AFE0020C4F860
:107A4000900070BD016851E8001F026821F4907138
:107A500042E80013F3B1016851E8001F026821F405
:107A6000907142E80013002B1FBF016851E8001F0E
:107A7000026821F490711CBF42E80013002B09D06A
:107A8000016851E8001F026821F4907142E8001378
:107A9000002BD7D14FF6FE71CEF6FF71026852E887
:107AA000022F03680A4043E80226DEB1026852E86A
:107AB000022F03680A4043E80226002E1FBF026817
:107AC00052E8022F03680A401CBF43E80226002E3A
:107AD00008D0026852E8022F03680A4043E80226F1
:107AE000002EDBD1C16E012927D1016851E8001FAA
:107AF000026821F0100142E80013F3B1016851E877
:107B0000001F026821F0100142E80013002B1FBF84
:107B1000016851E8001F026821F010011CBF42E813
:107B20000013002B09D0016851E8001F026821F002
:107B3000100142E80013002BD7D12021C0F88C108F
:107B40000021C166026841679168490640F1CE8014
:107B5000016851E8021F026821F0400142E8021367
:107B6000F3B1016851E8021F026821F0400142E8C8
:107B70000213002B1FBF016851E8021F026821F0A9
:107B800040011CBF42E80213002B09D0016851E8F4
:107B9000021F026821F0400142E80213002BD7D1F6
:107BA000D0F88010002900F0A18049F25912044653
:107BB0000846C0F600020A65F9F7D6FA00283FF435
:107BC000ABADD4F88000016DBDE87040084700BF40
:107BD000891A026852E8002F036822F4907243E881
:107BE0000026F6B1026852E8002F036822F4907272
:107BF00043E80026002E1FBF026852E8002F0368EA
:107C000022F490721CBF43E80026002E09D00268BF
:107C100052E8002F036822F4907243E80026002EF9
:107C2000D7D14FF6FE72CEF6FF72036853E8023FDB
:107C30000668134046E80235DDB1036853E8023FA9
:107C40000668134046E80235002D1FBF036853E85D
:107C5000023F066813401CBF46E80235002D08D0DD
:107C6000036853E8023F0668134046E80235002DDA
:107C7000DBD12022C0F88C200022C2664267026855
:107C800052E8002F036822F0100243E80026F6B104
:107C9000026852E8002F036822F0100243E8002631
:107CA000002E1FBF026852E8002F036822F0100266
:107CB0001CBF43E80026002E09D0026852E8002FBE
:107CC000036822F0100243E80026002ED7D189B2C3
:107CD00002220267BDE87040FFF76ABA816F00298F
:107CE0003FF41AADBDE87040084700BFBDE87040E2
:107CF000FFF7CEBCD9017FF50FADB2F1FF3FC8BF92
:107D000070BDBDE87040FFF75BBB000000000000E5
:107D100010B5D8B10446D0F8880028B9002084F8FE
:107D20008400204600F028F82420C4F88800206849
:107D3000A16A0268002922F00101016002D02046F8
:107D400001F0E2F8204601F0CBFC08B1012010BDA3
:107D50002068416821F490414160816821F02A0146
:107D60008160016841F0010101602046BDE81040DA
:107D700001F03AB9000000002DE9F043B5B0044627
:107D800002A8B8210025CDE93355CDE9315530950C
:107D9000F8F713FC41F600412068C4F20101884263
:107DA00000F0F08041F20001C4F20101884277D076
:107DB00045F20001C4F20001884240F0638102A84C
:107DC000002603964FF00208CDF80880FCF7A4FFC8
:107DD00008B1F8F70DFF44F2E04041F20007C5F6A4
:107DE0000200C5F6020730AD816841F48011816060
:107DF000816801F4801101910199016841F002014B
:107E00000160016801F0020101910199016841F0EE
:107E1000080101600068294600F0080001900198FF
:107E20004FF40050CDE930080E203490A7F54060A3
:107E3000CDE93266FBF7D4FB04202946CDE93008B2
:107E400008203490A7F58060CDE93266FBF7C8FBC7
:107E500042F670352820C2F20045C4F2020000F557
:107E60007A7028604120C5E901064FF48060EE6019
:107E7000C5E904064FF48070C5E906604FF4403050
:107E8000C5E908062846F9F7DBFE08B1F8F7B0FEA9
:107E9000C4F880503520AC63052100223524ECE085
:107EA0000120029002A800260396FCF735FF08B1D6
:107EB000F8F79EFE44F2E04040F22808C5F60200C2
:107EC000C4F20208016941F010010161016901F089
:107ED000100101910199016841F001010160006800
:107EE00041F2000100F001000190C5F60201019885
:107EF0004FF4C060309002203396CDE93106072060
:107F00003490A1F5805030A9FBF76AFB42F6D845C2
:107F10002920C2F200454FF48067C5E901062846D2
:107F2000C5F80080EE60C5E90476C5E90666C5E9D6
:107F30000866F9F785FE08B1F8F75AFEC4F88050D4
:107F400008F11800AC6342F65055C2F200452860B3
:107F50002A2068604020A8600020C5E90307C5E921
:107F60000500C5E9070068622846F9F769FE08B10F
:107F7000F8F73EFEE5672520AC63002100222524AA
:107F80007BE000BF0120029002A80395FCF7C4FE2D
:107F900008B1F8F72DFE44F2E04041F20005C5F6C5
:107FA0000200C5F6020530AE40F2280801694FF024
:107FB000020941F0800101610169002701F080019F
:107FC00001910199016841F010010160006831469A
:107FD00000F010000190019804203090C4F20208D3
:107FE00034902846CDF8C490CDE93277FBF7F8FA03
:107FF00008203146CDE930090B2034902846CDE9E0
:108000003277FBF7EDFA42F6E83508F13000C2F2BC
:1080100000454FF4806628607620C5E901072846B0
:10802000EF60C5E90467C5E90677C5E90877F9F7A0
:1080300007FE08B1F8F7DCFDC4F8805008F14800ED
:10804000AC6342F66045C2F2004528607720686064
:108050004020C5E902072846C5E90467C5E9067757
:10806000C5E90877F9F7ECFD08B1F8F7C1FDE56758
:108070009C20AC63002100229C24FBF725FC2046B9
:10808000FBF70EFC35B0BDE8F083000000000000F7
:108090007047000000000000704700000000000072
:1080A0007047000000000000FEE700000000000034
:1080B00080B582B044F2D8400022C5F602000168C3
:1080C00041F001010160016801F001010191019994
:1080D000016841F0020101600068002100F0020027
:1080E000009000980C20FBF7EFFB0C20FBF7D8FB6F
:1080F0000D2000210022FBF7E7FB0D20FBF7D0FB52
:108100000E2000210022FBF7DFFB0E20FBF7C8FB4F
:108110000F2000210022FBF7D7FB0F20FBF7C0FB4D
:10812000382000210022FBF7CFFB382002B0BDE849
:108130008040FBF7B5BB000080B542F6C8504AF25C
:108140000001C2F20040012200F11C0EC4F2000145
:1081500002824FF0030C82741D2201600021C0E9ED
:108160000211C0F814C00A2383618EE80C10C0E924
:108170000A32C0E90C31C0F838C00422C2630823B7
:10818000C0E91032C0E91232C0E91412C0E9161178
:1081900020238266C0E91831FAF752FE002808BF92
:1081A00080BDBDE88040F8F723BD0000000000005E
:1081B00080B542F668604AF20041C2F200400122F6
:1081C00000F11C0EC4F2000102824FF0030C827415
:1081D0001D2201600021C0E90211C0F814C00A2369
:1081E00083618EE80C10C0E90A3203634FF4007219
:1081F000C0E90D2C0422C26308238266C0E9103254
:10820000C0E91232C0E91412C0E916112023C0E9F6
:108210001831FAF715FE002808BF80BDBDE8804080
:10822000F8F7E6BC0000000080B542F608704DF299
:108230000041C2F20040012200F11C0EC4F2000114
:1082400002824FF0030C82741D2201600021C0E9FC
:108250000211C0F814C00A2383618EE80C10C0E933
:108260000A3203634FF48062C0E90D2C0422C2631A
:1082700008238266C0E91032C0E91232C0E9141244
:10828000C0E916112023C0E91831FAF7D9FD0028FA
:1082900008BF80BDBDE88040F8F7AABC0000000020
:1082A0002DE9F04186B044F2E0400026C5F6020018
:1082B0000596CDE90366CDE90166016840F6000444
:1082C00041F0100101600168C5F6020401F01001DF
:1082D00000910099016841F00401016001680022E9
:1082E00001F0040100910099016841F080010160F2
:1082F000016801F0800100910099016841F00201DC
:108300000160016801F0020100910099016841F0EB
:1083100008010160016801F00801009100990168FD
:1083200041F00101016000684FF4204100F00100BC
:10833000009000982046FBF727FA4FF48041012275
:1083400020464FF480480127FBF71EFA01AD4FF499
:10835000C040CDE9010702202946CDE903062046A9
:10836000FBF73EF94FF400402946CDE901072046CE
:10837000CDE90376FBF734F904F500602946CDF822
:1083800004804FF40416CDE90267FBF729F901A92F
:108390004FF4E050C1C120462946FBF721F92820BF
:1083A00000210022FBF790FA2820FBF779FA06B0AB
:1083B000BDE8F0810000000070B590B043F28C4041
:1083C00041F60005C2F2004000240894C4F2000502
:1083D000CDE90544CDE903440560EF21C0E901146E
:1083E00040F2E731C0E9031480218161FEF73CFCD3
:1083F00008B1F8F7FDFB43F28C4007A9C2F2004038
:1084000007940994FDF7C8FE08B1F8F7F1FB43F2B1
:108410008C446020C2F20044009069460422204649
:108420000026CDE901660496FEF7C2F908B1F8F717
:10843000DFFB20680F96A8420C96CDE90D660B96DF
:1084400014D040F20041C4F2000188422BD144F222
:10845000E040C5F60200016841F0020101600068D9
:1084600000F002000A900A9802200EE044F2E04078
:10847000C5F60200016841F002010160006800F0E9
:1084800002000A900A984FF400400B9002200C90D2
:1084900000210F9040F20040CDE90D11C5F6020019
:1084A0000BA9FBF79DF810B070BD000000000000A4
:1084B00070B590B043F2D84040F20045C2F200409F
:1084C00000240894C4F20005CDE90544CDE9034435
:1084D000C0E900548460FF21C0E903148461FEF701
:1084E000C3FB08B1F8F784FB43F2D84007A9C2F2F6
:1084F000004007940994FDF74FFE08B1F8F778FBA8
:1085000043F2D8446020C2F200440090042004905A
:1085100069460C2220460026CDE90166FEF748F99F
:1085200008B1F8F765FB41F600012068C4F20001CC
:108530000F968842CDE90D66CDE90B6610D0A842B2
:108540002BD144F2E040C5F60200016841F002017F
:108550000160006800F002000A900A9802200EE014
:1085600044F2E040C5F60200016841F002010160FA
:10857000006800F002000A900A984FF400400B9047
:1085800002200C9000210F9040F20040CDE90D1127
:10859000C5F602000BA9FBF723F810B070BD000070
:1085A00080B588B043F2245040F60002C2F2004089
:1085B00000210791C4F20002CDE905110291026089
:1085C000EF22C0E9012163228161C0E90321FDF7A7
:1085D00053FE08B1F8F70CFB4FF48050049043F2BF
:1085E000245004A9C2F20040FDF722FF08B1F8F7B9
:1085F000FFFA00200190039043F22450C2F20040A1
:1086000001A9FDF7C9FD08B1F8F7F2FA08B080BD7D
:1086100080B588B043F2705040F60042C2F200408C
:1086200000210791C4F20002CDE905110291026018
:10863000EF22C0E9012140F2E7328161C0E9032164
:10864000FDF71AFE08B1F8F7D3FA4FF48050049002
:1086500043F2705004A9C2F20040FDF7E9FE08B1F0
:10866000F8F7C6FA00200190039043F27050C2F26E
:10867000004001A9FDF790FD08B1F8F7B9FA08B07C
:1086800080BD00000000000080B543F2E46045F2C8
:108690000001C2F2004048F2A062C4F20001C0F240
:1086A0000102C0E900124FF4805181604FF4005183
:1086B000C1604FF480610161042141610021816248
:1086C000C0E90611C0E90811FFF722FB08B1F8F76D
:1086D0008FFA43F2E4600021C2F20040FEF7BCFED4
:1086E00008B1F8F785FA43F2E4600021C2F20040D5
:1086F000FEF76AFE08B1F8F77BFA43F2E460C2F2D3
:108700000040FEF7EDFC002808BF80BDBDE88040BA
:10871000F8F76EBA0000000080B543F2506041F6F1
:108720000041C2F20040C4F201010C2201604FF48A
:10873000165141600021C0E902110161C0E9052123
:10874000C0E90711C0E90911FFF7E2FA08B1F8F72B
:108750004FFA43F250600021C2F20040FEF77CFE67
:1087600008B1F8F745FA43F250600021C2F2004028
:10877000FEF72AFE08B1F8F73BFA43F25060C2F266
:108780000040FEF7ADFC002808BF80BDBDE880407A
:10879000F8F72EBA0000000080B543F2BC5041F259
:1087A0000001C2F20040C4F201010C2201604FF44A
:1087B000E13141600021C0E902110161C0E90521F8
:1087C000C0E90711C0E90911FFF7A2FA08B1F8F7EB
:1087D0000FFA43F2BC500021C2F20040FEF73CFE0B
:1087E00008B1F8F705FA43F2BC500021C2F200408C
:1087F000FEF7EAFD08B1F8F7FBF943F2BC50C2F20C
:108800000040FEF76DFC002808BF80BDBDE8804039
:10881000F8F7EEB90000000080B542F6940040F28F
:108820001001C2F20040C2F20041012202F0B0F891
:1088300008B1F8F7DDF942F6940040F23001C2F2D7
:108840000040C2F2004102F027FB08B1F8F7D0F96E
:1088500042F6940040F2CC01C2F20040C2F2004164
:1088600001F0AAFD08B1F8F7C3F942F69400C2F28C
:10887000004002F03DFB08B1F8F7BAF9BDE88040CE
:10888000FCF702B900000000FEE700000000000055
:10889000FEE700000000000042F6A870C2F20040AF
:1088A000FBF70EBA00000000704700000000000057
:1088B000F0B581B044F22C47C5F6020757F8042CF6
:1088C00002F00302032A03D1012001B0F0BD00BF72
:1088D000054657F82C0C0C4620F0806047F82C0C0D
:1088E000FAF75AFF064600BF57F82C0C000105D5D1
:1088F000FAF752FF801B0228F6D964E057F8040CFF
:10890000EE6895E80E0020F47C30012C40EA01303E
:10891000A2F101016FF35F214FF47E4202EB43228B
:1089200047F8040C92B24FF0FE4302EB01004FF403
:10893000FE012A6901EB064101F4FE0103EB02622C
:10894000084402F0FE410844F8603868696920F084
:10895000C00040EA010038603868A96920F02000B2
:1089600040EA0100386038684FF6F87120F01000D6
:1089700038603869EA6920EA01004FF4001140EAE2
:10898000C2003861386808BF4FF4801140F0100011
:10899000002C386008BF4FF4002138680843386065
:1089A00057F82C0C40F0806047F82C0CFAF7F4FED6
:1089B000044600BF57F82C0C000107D4FAF7ECFE70
:1089C000001B0328F6D3032001B0F0BD002001B046
:1089D000F0BD000000000000F0B581B044F22C476B
:1089E000C5F6020757F8042C02F00302032A03D14C
:1089F000012001B0F0BD00BF054657F82C0C0C4615
:108A000020F0805047F82C0CFAF7C6FE064600BF4F
:108A100057F82C0C800005D5FAF7BEFE801B022803
:108A2000F6D964E057F8040CEE6895E80E0020F0E3
:108A30007C70012C40EA0150A2F101016FF35F212B
:108A40004FF47E4202EB432247F8040C92B24FF0FF
:108A5000FE4302EB01004FF4FE012A6901EB0641DF
:108A600001F4FE0103EB0262084402F0FE410844F7
:108A700078613868696920F4406040EA0100386034
:108A80003868A96920F4007040EA0100386038684D
:108A90004FF6F87120F480703860B869EA6920EA0E
:108AA00001004FF0807140EAC200B861386808BF29
:108AB0004FF4000140F48070002C386008BF4FF480
:108AC000800138680843386057F82C0C40F080501B
:108AD00047F82C0CFAF760FE044600BF57F82C0C40
:108AE000800007D4FAF758FE001B0328F6D30320B2
:108AF00001B0F0BD002001B0F0BD0000000000009A
:108B00007047000000000000FAF74EBE00000000B1
:108B1000B0B59CB044F6180409A84C21C5F602046F
:108B2000F7F74BFD02200025CDE90755CDE90555A6
:108B3000CDE90355CDE90155FBF77EFF009520688F
:108B400020F440402060206800F4404000900098ED
:108B50002068800409D4206880045CBF20685FEA34
:108B6000804002D420688004F2D5212009904FF47F
:108B700080300A9001200F9002212822CDE9152093
:108B800004201491CDE917010C20199009A80024A4
:108B9000CDE91211CDE91A44FDF742F820B1EFF307
:108BA000108072B6FEE700BF3F20019003204FF413
:108BB0008061CDE90204082004904020CDE9050041
:108BC000CDE9071001A80321FCF7E6FD20B1EFF382
:108BD000108072B6FEE700BF1CB0B0BD0000000000
:108BE0004EF6885042F2000CCEF20000C5F2002C86
:108BF000026842F470020260DCF8000000F00F002E
:108C0000062806D8DCF80000072262F30300CCF83F
:108C1000000044F200404EF67F51C5F60200CEF649
:108C2000F621026842F0010202600022026103683C
:108C300019400160DCF80010090706D5DCF80010C7
:108C4000072363F30301CCF8001040F20021826196
:108C5000C261C0F20221026281620021C0F2FF11F2
:108C6000C16240F28021C0F201110163426381635D
:108C7000C26301644264016821F4802101600266DC
:108C800044F20000C5F2002043F2D20101607047B7
:108C900043F22450C2F20040FDF7CEBC00000000B9
:108CA00043F27050C2F20040FDF7C6BC0000000065
:108CB00040F6FF32C4F200029042026810DCB0F1CC
:108CC000804F1ED040F20043C4F20003984218D0F7
:108CD00040F60003C4F20003984212D015E000BF32
:108CE00040F60043C4F2000398420AD040F2004329
:108CF000C4F20103984204D00023C4F20103984255
:108D000003D122F070024B681A434EF2FF3343F650
:108D1000FF7CC4F20003C4F2010C984214DD6045EC
:108D20002CDC4EF20043C4F20003984243D00023EF
:108D3000C4F2010398423ED040F20043C4F2010362
:108D4000984238D03BE000BF40F2FF73C4F200030A
:108D5000984227DD40F60003C4F2000398422AD06F
:108D600040F60043C4F20003984224D04EF20003C0
:108D7000C4F2000398421ED021E000BF44F2000379
:108D8000C4F20103984216D044F60003C4F2010372
:108D9000984210D044F20043C4F2010398420AD032
:108DA0000DE000BFB0F1804F05D040F20043C4F2A7
:108DB0000003984203D122F44072CB681A4310B5E5
:108DC00022F08002D1F800E04C698B6822430260F7
:108DD000C3626045C0F828E0BDE8104012DD44F2EF
:108DE0000002C4F20102904217D044F60002C4F21D
:108DF0000102904211D044F20042C4F201029042BA
:108E00000BD00CE00022C4F20102904205D040F2E7
:108E10000042C4F20102904201D1096901630121BB
:108E200041610169C90708BF7047016921F001016B
:108E30000161704700000000B0B504F009F89FED33
:108E40002C0A0420F0EE400A03F0B6FF42F6C850A8
:108E50004CF6E141C2F20040C0F6000103F05CFEB6
:108E600042F668604CF60951C2F20040C0F60001BB
:108E700003F052FE43F2E4604CF65941C2F2004066
:108E8000C0F60001402200F037FB4CF619400B21E0
:108E9000C0F6000003F0A8F943F224544CF6415107
:108EA000C2F20044C0F60001204603F0EDFF43F299
:108EB00070554CF67941C2F20045C0F600012846D3
:108EC00003F0E2FF42F228209FED0A0AC2F20040BE
:108ED00004F0D6FE2046FDF73BFA2846FDF738FAA7
:108EE00043F278700121C2F200400170B0BD00BFB2
:108EF000000000008FC2F53C43F2E460C2F2004083
:108F0000FEF7CABB00000000816A0A070CD4CA073A
:108F100015D18A071ED44A0727D4CA0630D48A0638
:108F200039D44A0642D454E00268D0F838C05368B5
:108F300023F4004343EA0C035360CA07E9D00268F4
:108F4000D0F82CC0536823F4003343EA0C03536079
:108F50008A07E0D50268D0F830C0536823F4803324
:108F600043EA0C0353604A07D7D50268D0F834C0EF
:108F7000536823F4802343EA0C035360CA06CED51A
:108F80000268D0F83CC0936823F4805343EA0C0392
:108F900093608A06C5D50268D0F840C0936823F470
:108FA000005343EA0C0393604A0612D50268D0F8D6
:108FB00044C0BCF5801F536823F4801343EA0C03BC
:108FC000536006D1536823F4C00C836C43EA0C034E
:108FD0005360090658BF70470168C06C4A6822F4A4
:108FE0000022104348607047B0B582B004460020AC
:108FF000C4F89000FAF7D0FB216805460A6812070A
:1090000037D54FF4001100226FF07E4000902046CB
:109010002B4600F061FE58B3206850E8000F21682D
:1090200020F0800041E80002002A1FBF206850E8BD
:10903000000F216820F080001CBF41E80002002AD8
:1090400012D0206850E8000F216820F0800041E82D
:1090500000024AB1206850E8000F216820F080002B
:1090600041E80002002AD7D10320202188226CE0A9
:109070002168086840075FD54FF4800100226FF037
:109080007E40009020462B4600F026FE002853D05C
:10909000206850E8000F216820F4907041E8000239
:1090A000F2B1206850E8000F216820F4907041E888
:1090B0000002002A1FBF206850E8000F216820F43A
:1090C00090701CBF41E80002002A09D0206850E8D7
:1090D000000F216820F4907041E80002002AD7D1E7
:1090E000206850E8020F216820F0010041E80202E8
:1090F000002A1FBF206850E8020F216820F00100FD
:109100001CBF41E80202002A12D0206850E8020F7A
:10911000216820F0010041E802024AB1206850E8CD
:10912000020F216820F0010041E80202002AD7D195
:10913000032020218C2208E02020C4F88800C4F8F5
:109140008C00002170220020E166A150002184F8EB
:10915000841002B0B0BD0000806B0021A0F85E104A
:10916000A0F85610FEF794BA806B0268D0F88830E9
:10917000D0F88CC09168090658D5212B56D1002112
:10918000A0F85610016851E8001F026821F0C001E4
:1091900042E80013F3B1016851E8001F026821F0B2
:1091A000C00142E80013002B1FBF016851E8001FF7
:1091B000026821F0C0011CBF42E80013002B09D057
:1091C000016851E8001F026821F0C00142E8001365
:1091D000002BD7D1016851E8021F026821F4000179
:1091E00042E80213F3B1016851E8021F026821F45A
:1091F000000142E80213002B1FBF016851E8021F63
:10920000026821F400011CBF42E80213002B09D0C0
:10921000016851E8021F026821F4000142E80213CC
:10922000002BD7D12021C0F8881002689168490628
:1092300040F18C80BCF1220F40F088800021A0F822
:109240005E10016851E8001F026821F4907142E845
:109250000013F3B1016851E8001F026821F4907116
:1092600042E80013002B1FBF016851E8001F02688D
:1092700021F490711CBF42E80013002B09D0016853
:1092800051E8001F026821F4907142E80013002B9E
:10929000D7D14FF6FE7CCEF6FF7C026852E8022F53
:1092A000036802EA0C0243E80221F1B1016851E8C7
:1092B000021F026801EA0C0142E80213002B1FBFE3
:1092C000016851E8021F026801EA0C011CBF42E874
:1092D0000213002B09D0016851E8021F026801EA5D
:1092E0000C0142E80213002BD7D1C16E012927D10E
:1092F000016851E8001F026821F0100142E80013E4
:10930000F3B1016851E8001F026821F0100142E842
:109310000013002B1FBF016851E8001F026821F0F5
:1093200010011CBF42E80013002B09D0016851E86E
:10933000001F026821F0100142E80013002BD7D172
:109340002021C0F88C100021C1664167D0F8901030
:1093500041F01001C0F89010FEF79AB9000000002B
:10936000C169806BB1F5807F00F0AA800021A0F870
:109370005E10016851E8001F026821F4807142E824
:109380000013FBB1016851E8001F026821F48071ED
:1093900042E80013002B1FBF016851E8001F02685C
:1093A00021F480711CBF42E80013002B0AD0016831
:1093B00051E8001F026821F4807142E80013002B7D
:1093C000D7D100BF016851E8021F026821F00101F6
:1093D00042E80213F3B1016851E8021F026821F06C
:1093E000010142E80213002B1FBF016851E8021F70
:1093F000026821F001011CBF42E80213002B09D0D2
:10940000016851E8021F026821F0010142E80213DD
:10941000002BD7D1016851E8021F026821F04001FA
:1094200042E80213F3B1016851E8021F026821F01B
:10943000400142E80213002B1FBF016851E8021FE0
:10944000026821F040011CBF42E80213002B09D042
:10945000016851E8021F026821F0400142E802134E
:10946000002BD7D12021C0F88C10C16E012927D143
:10947000016851E8001F026821F0100142E8001362
:10948000F3B1016851E8001F026821F0100142E8C1
:109490000013002B1FBF016851E8001F026821F074
:1094A00010011CBF42E80013002B09D0016851E8ED
:1094B000001F026821F0100142E80013002BD7D1F1
:1094C00000210167C16E012904D1B0F85C10FDF7DD
:1094D0006FBE00BFFEF7DCBD806B01210167C16E6E
:1094E000012905D1B0F85C104908FDF761BE00BF45
:1094F000FEF7D2BD00000000B0B540F6FF7403686F
:10950000C4F20104A34217DC45F20004C4F20004D3
:10951000A34229D047F60004C4F20004A34265D058
:1095200047F60044C4F20004A34240F0D18040F664
:109530007833C2F2004363E041F60044C4F2010410
:10954000A3424DD041F60004C4F20104A34253D01B
:1095500041F20004C4F20104A34240F0B98040F299
:109560000843C2F200434BE040F648050446C2F20D
:1095700000452860C5F80C11A5F80421FDF7BCFFD3
:109580002068102101620821016202210162042188
:10959000016205F18401B5F80401400082B2204661
:1095A000FDF7BAFDD4F88000002808BFB0BD40F236
:1095B0000F410068C4F2020188422DDC6F21C4F221
:1095C000020188423EDC3F21C4F20201884255DCA0
:1095D0001021C4F20201884276D0282170E000BF39
:1095E00040F2F823C2F200430AE000BF40F66823CD
:1095F000C2F2004304E000BF40F68843C2F20043D9
:109600001860C3F80C1103F18401A3F80421BDE82C
:10961000B040FDF781BD00BF40F26F41C4F20201CE
:1096200088421BDC40F23F41C4F2020188422DDC3B
:1096300040F21041C4F20201884245D040F2284174
:109640003EE000BF9F21C4F20201884228DC702165
:10965000C4F20201884237D0882131E040F29F41B4
:10966000C4F20201884223DC40F27041C4F20201DC
:10967000884229D040F2884122E000BF4021C4F254
:109680000201884220D058211AE000BF40F2404138
:10969000C4F20201884217D040F2584110E000BFE6
:1096A000A021C4F2020188420ED0B82108E000BF18
:1096B00040F2B841C4F20201884205D040F2A04114
:1096C000C4F20201884205D1016821F0080101605D
:1096D000B0BD00BF016821F00401F8E70000000000
:1096E000F0B583B00446006846F6F31640F6004E27
:1096F00022696569D4E902130A43E7690168CCF677
:10970000FF762A4331401143C5F6000E394301600C
:109710004168704521F4405144F2544C41EA030140
:109720004160A2694FF2FF431CBF216A0A4381686E
:10973000C1F2FF131940C5F6020C1143816047F6D0
:10974000FF32C16AC4F2000221F00F01656A904243
:109750004FF0800341EA0501C16219DD41F2FF715A
:10976000C4F2010188422DDC47F60041C4F2000139
:10977000884257D041F20001C4F20101884239D039
:1097800041F20041C4F20101884233D056E000BFEB
:1097900044F6FF31C4F20001884237DD44F600414F
:1097A000C4F2000188423DD045F20001C4F200013C
:1097B000884237D047F60001C4F20001884231D018
:1097C0003CE000BF41F60001C4F20101884211D023
:1097D00041F60041C4F2010188420BD070452DD101
:1097E000DCF8041001F00702062A27D20FF28831B4
:1097F00022E000BFDCF80010C1F3C202062A1DD22D
:109800004EF6BE11C0F6000116E000BF44F2004162
:10981000C4F20001884205D044F60001C4F2000100
:1098200088420BD1DCF8001001F00702062A05D2AD
:109830004EF6B811C0F600018B181B78704540F643
:109840000010C0F23D0000F05380B7F5004F40F02B
:109850007B80402B4FF0010100F28581DFE813F09F
:1098600042002E01830183013601830183018301BC
:109870004201830183018301830183018301830109
:109880000A01830183018301830183018301830131
:1098900083018301830183018301830183018301A8
:1098A00048018301830183018301830183018301D3
:1098B0008301830183018301830183018301830188
:1098C0008301830183018301830183018301830178
:1098D0008301830183018301830183018301830168
:1098E000260100BFFCF7ACF8002840F0008136E10B
:1098F0009A1E01211E2A00F27580DFE812F01F0077
:10990000340187003401340134018D003401340105
:10991000340134013401340134017900340134015B
:10992000340134013401340134013401340134018F
:10993000340134013401340134019500FBF7B0F8EF
:10994000002840F070800AE1402B4FF0010100F246
:109950000A81DFE813F04100B70008010801C100E7
:10996000080108010801E9000801080108010801CF
:109970000801080108019D0008010801080108010B
:10998000080108010801080108010801080108018F
:10999000080108010801EF00080108010801080199
:1099A000080108010801080108010801080108016F
:1099B000080108010801080108010801080108015F
:1099C000080108010801080108010801080108014F
:1099D000080108010801AF00FCF732F8002840F048
:1099E000A880BCE0402B40F0BE804FF400401BE05C
:1099F0005CF8540C800649F20000C0F2D03013D558
:109A00005CF8541CC1F3C101C8400DE06846FBF787
:109A10005BF8019838B9A2E06846FBF7E9F80198CD
:109A2000002800F09C80656A4EF64C216268C0F602
:109A3000000131F81510B0FBF1F002EB4201884251
:109A40004FF00101C0F08F801303984200F28B8029
:109A5000010E0023000210EB520041F10001F6F765
:109A6000BDFC4FF60052A0F54071C0F20F029142CA
:109A700073D377E05CF8540C800649F20000C0F222
:109A8000D03035D55CF8541CC1F3C101C8402FE07B
:109A90005CF8540C800649F20000C0F2D03049D581
:109AA0005CF8541CC1F3C101C84043E04FF40040CE
:109AB0001EE000BF4FF400403CE000BFFBF7F0FFAA
:109AC000A8B94CE0FBF7ECFF98BB48E06846FAF712
:109AD000FBFF019858B942E06846FAF7F5FF019894
:109AE00038BB3CE06846FBF783F80198B8B3656A79
:109AF0004EF64C21C0F6000131F81510B0FBF1F024
:109B000061684A0802EB40004FF6EF72B0FBF1F0DB
:109B1000A0F11001914225D84FF6F0710140C0F339
:109B20004200084419E000BF6846FBF761F801985D
:109B3000A8B1656A4EF64C216268C0F6000131F8A2
:109B40001510B0FBF1F000EB5200B0FBF2F0A0F109
:109B500010014FF6EF72914204D82168C8600021CD
:109B600001E000BF01214FF00110A0660020C4E910
:109B70001D00084603B0F0BD02040810204000009C
:109B800010B504468C4681650021A0F85C20C0F821
:109B900090102220C4F88C00D4F88000F0B1134655
:109BA00049F2613E49F2D942C0F6000EC0F6000209
:109BB000C0E90FE249F26912C0F60002C0E91321C0
:109BC000216862462431F8F78BFB38B11020C4F8C5
:109BD00090002020C4F88C00012010BD206938B30B
:109BE000206850E8000F216840F4807041E80002CE
:109BF000F2B1206850E8000F216840F4807041E81D
:109C00000002002A1FBF206850E8000F216840F4BE
:109C100080701CBF41E80002002A09D0206850E88B
:109C2000000F216840F4807041E80002002AD7D17B
:109C3000206850E8020F216840F0010041E802026C
:109C4000F2B1206850E8020F216840F0010041E8BD
:109C50000202002A1FBF206850E8020F216840F06E
:109C600001001CBF41E80202002A09D0206850E828
:109C7000020F216840F0010041E80202002AD7D11A
:109C8000206850E8020F216840F0400041E80202DD
:109C9000F2B1206850E8020F216840F0400041E82E
:109CA0000202002A1FBF206850E8020F216840F01E
:109CB00040001CBF41E80202002A09D0206850E899
:109CC000020F216840F0400041E80202002AD7D18B
:109CD000002010BD000000002DE9F0418046006822
:109CE0000D46C7693940491BB1FA81F149098A42D9
:109CF00025D1069C34B31646611C29D1C16929407F
:109D0000491BB1FA81F149098E4218D1C169294034
:109D1000491BB1FA81F149098E4201BFC16929404D
:109D2000491BB1FA81F104BF49098E4207D1C169CB
:109D30002940491BB1FA81F149098E42DED0002049
:109D4000BDE8F081F9F728FD0320BDE8F08100BFF0
:109D50001F4607E0C0692840401BB0FA80F0400968
:109D60008642ECD1F9F718FDC01BA04200F2B68084
:109D7000D8F8000001684907ECD5402D18BF802DA8
:109D8000E8D0C169090700F1AD80C1690905E1D5D5
:109D90004FF400610162D8F8000050E8000FD8F8D5
:109DA000001020F4907041E8000222B3D8F80000BF
:109DB00050E8000FD8F8001020F4907041E800023D
:109DC000002A1FBFD8F8000050E8000FD8F8001094
:109DD00020F490701CBF41E80002002A0BD0D8F894
:109DE000000050E8000FD8F8001020F4907041E80F
:109DF0000002002ACFD14FF6FE70CEF6FF70D8F8E1
:109E0000001051E8021FD8F80020014042E8021378
:109E10000BB3D8F8001051E8021FD8F80020014019
:109E200042E80213002B1FBFD8F8001051E8021FB0
:109E3000D8F8002001401CBF42E80213002B0AD0D2
:109E4000D8F8001051E8021FD8F80020014042E87D
:109E50000213002BD3D1D8F86C0001282FD1D8F8E9
:109E6000000050E8000FD8F8001020F0100041E882
:109E7000000222B3D8F8000050E8000FD8F8001014
:109E800020F0100041E80002002A1FBFD8F80000AF
:109E900050E8000FD8F8001020F010001CBF41E877
:109EA0000002002A0BD0D8F8000050E8000FD8F8C4
:109EB000001020F0100041E80002002ACFD120203D
:109EC000C8F88C000021C8F86C10C8F87410C8F8E5
:109ED0009000032088F88410BDE8F0810320BDE8DD
:109EE000F08100BF08210162D8F8000050E8000F9F
:109EF000D8F8001020F4907041E8000222B3D8F89E
:109F0000000050E8000FD8F8001020F4907041E8ED
:109F10000002002A1FBFD8F8000050E8000FD8F850
:109F2000001020F490701CBF41E80002002A0BD002
:109F3000D8F8000050E8000FD8F8001020F4907016
:109F400041E80002002ACFD14FF6FE70CEF6FF7036
:109F5000D8F8001051E8021FD8F80020014042E86C
:109F600002130BB3D8F8001051E8021FD8F80020F4
:109F7000014042E80213002B1FBFD8F8001051E83F
:109F8000021FD8F8002001401CBF42E80213002B3A
:109F90000AD0D8F8001051E8021FD8F8002001407C
:109FA00042E80213002BD3D1D8F86C0001282FD13E
:109FB000D8F8000050E8000FD8F8001020F010008A
:109FC00041E8000222B3D8F8000050E8000FD8F8AA
:109FD000001020F0100041E80002002A1FBFD8F84E
:109FE000000050E8000FD8F8001020F010001CBF4F
:109FF00041E80002002A0BD0D8F8000050E8000F1A
:10A00000D8F8001020F0100041E80002002ACFD15B
:10A010002020C8F88C000020C8F86C00C8F8740034
:10A020000821C8F8901088F884000120BDE8F0816C
:10A0300043F25060C2F20040FDF72EBB000000006A
:10A0400043F2BC50C2F20040FDF726BB0000000006
:10A05000D0F8D42200EB820CDCF8C02242B3B0B5B9
:10A0600001F00F0404EB840300EB830E5EF8183F4D
:10A070005BB1D0F8C85204EBC40405EB8404E46976
:10A08000B3FBF4F505FB1433A3B10020C2F81402AE
:10A09000DCF8C4321B69002B08BFB0BD02F5047C9C
:10A0A000D2F808020A46614698470020B0BD00BFBA
:10A0B0000320704700220023CEF8002000F0CCFEE1
:10A0C0000020B0BD00000000B0B5D0F8D42200EBF5
:10A0D0008202D2F8C0529DB1044600F03DFDD4F892
:10A0E000D412C5F80C02D5F8040204EB8101D1F8B2
:10A0F000C42205F50371D26890470020B0BD00BFAF
:10A100000320B0BD0000000070B58121044600F0BE
:10A1100067FC012120460025258700F061FC822193
:10A120002046A4F8785100F05BFCD4F8D40204F582
:10A130003076E56456F8201089B104EB8000D0F841
:10A14000C40240688047D4F8D40256F8200001F0D9
:10A1500083F9D4F8D40246F82050C4F8BC52002049
:10A1600070BD00000000000010B5D0F8D41200EB64
:10A170008100D0F8C0428CB1D0F8C41259B194F823
:10A180000002FF2807D094F801228B6821469847E7
:10A19000FF2084F80002002010BD00BF032010BD86
:10A1A00040F2AC010A22C2F2004102800846704728
:10A1B000F0B581B040F268070446C2F20047822140
:10A1C000384600F001FA05460121384600F0FCF956
:10A1D00006468121384600F0F7F9002D1CBF1021FA
:10A1E000A971002E1CBF4021B18000281CBF402156
:10A1F000818040F268004321C2F20040218001B01A
:10A20000F0BD000000000000F0B581B040F268072A
:10A210000446C2F200478221384600F0D5F90546CF
:10A220000121384600F0D0F906468121384600F079
:10A23000CBF9002D1CBF1021A971002E1CBF4FF4BB
:10A240000071B18000281CBF4FF40071818040F282
:10A2500068004321C2F20040218001B0F0BD00003F
:10A26000F0B581B040F268070446C2F2004782218F
:10A27000384600F0A9F905460121384600F0A4F956
:10A2800006468121384600F09FF9002D1CBF1021A1
:10A29000A971002E1CBF4021B18000281CBF4021A5
:10A2A000818040F268004321C2F20040218001B069
:10A2B000F0BD0000000000002DE9F04104464FF41D
:10A2C000077001F0CDF800284AD04FF40771054619
:10A2D000F6F773F9D4F8D402217C4027022204EB6C
:10A2E000800000294FF081014FF00206C0F8C052F3
:10A2F0002046C4F8BC5208BF4FF400773B4600F03C
:10A30000B3FC0121022220463B464FF00108A4F88D
:10A31000388000F0A9FC1020A4F84E00822103220E
:10A3200008232046A4F8788100F09EFCD4F8D402DB
:10A330000027C5F8047204EB8000A4F84C80D0F824
:10A34000C40200688047C5F81472C5F81872D5F8C1
:10A350000422AAB1207C012160B140230CE000BF9F
:10A36000D4F8D402002104EB8000C0F8C01202200F
:10A37000BDE8F0814FF40073204600F089FC002610
:10A380003046BDE8F0810000D0F8D41200EB810126
:10A39000D1F8C01271B180B5027C4023002AD1F8F7
:10A3A00004224FF0010108BF4FF4007300F070FC6D
:10A3B000002080BD0320704741B1D0F8D42200EBCB
:10A3C0008200C0F8C4120020704700BF032070470D
:10A3D000D0F8D42200EB8200D0F8C00220B1C0F83F
:10A3E00004120020704700BF0320704700000000E7
:10A3F000D0F8D43200EB8300D0F8C00230B1C0F8FE
:10A400000812C0F810220020704700BF03207047D8
:10A41000F0B581B0D0F8D42200EB820300228DF891
:10A420000320D3F8C042ADF80020002C60D00D7896
:10A4300015F0600218D0202A58D1CA88002A29D0E5
:10A440006DB2B5F1FF3F2FDD4978402A84F8001244
:10A45000214628BF402284F8012200F07DF8002424
:10A46000204601B0F0BD00BF4A780B2A3ED8002438
:10A47000DFE802F008063C3C3C3C3C3C3C3C2A38D3
:10A48000EEE700BF90F89C22032A2FD169460222F2
:10A4900021E000BFD3F8C42248780024936800224A
:10A4A0009847204601B0F0BDD3F8C4524B78064619
:10A4B0000F46AD6818462146A847FA88304621461F
:10A4C000072A28BF072206E090F89C22032A0DD114
:10A4D0000DF10301012200F05BF80024204601B0D9
:10A4E000F0BD00BF90F89C22032AB9D000F028F8F4
:10A4F0000324204601B0F0BD80B5D0F8B8225268E0
:10A500009047002818BF032080BD00000000000015
:10A51000002070470000000000207047000000008D
:10A5200080B513460A46002100F0B2FB002080BD32
:10A5300080B513460A46002100F08EFC002080BD45
:10A5400010B58021044600F04FFC00212046BDE8F4
:10A55000104000F049BC000080B50323C0F89432DD
:10A560001346C0F858210A460021C0F85C3100F0BB
:10A570008FFB002080BD000080B50521C0F894123B
:10A5800000210022002300F083FB002080BD00009A
:10A5900080B50223C0F89432134682610A46002136
:10A5A000C36100F059FC002080BD000000000000E5
:10A5B00080B50421C0F8941200210022002300F08D
:10A5C0004BFC002080BD0000B0F802C003789C4521
:10A5D00038D980B504E000BF73449AB2624533D2E3
:10A5E00090F800E070444278052A02D182788A42CD
:10A5F00026D073449AB2624526D290F800E07044A7
:10A600004278052A02D182788A4219D073449AB2DC
:10A61000624519D290F800E070444278052A02D1D0
:10A6200082788A420CD073449AB262450CD290F878
:10A6300000E070444278052ACED182788A42CBD19C
:10A6400080BD00BF00207047002080BD00000000DA
:10A65000002808BF704710B503783BB300F1020E25
:10A66000F4461CF8013C6BB19CF80030002B1CBF79
:10A670009CF80130002B05D09CF802300CF1040C42
:10A68000002BEED14FF0000C1EF8013C93B19EF868
:10A6900000309BB19EF80130A3B19EF802300CF15E
:10A6A000040C0EF1040E002BEED10DE04FF0000C67
:10A6B0000AE000BF4CF0010C06E000BF4CF0020CB9
:10A6C00002E000BF4CF0030C5FFA8CFC022303EBAA
:10A6D0004C0313800B7003224A700378ABB3023033
:10A6E00002224FF0000C5FFA82FE51FA82F401F868
:10A6F0000E3084F801C010F8013C33B3941C5FFAAB
:10A7000084FE51FA84F401F80E3084F801C0037815
:10A71000002B1FBF141D5FFA84FE51FA84F401F868
:10A720000E301EBF84F801C04378002B0DD0941D5D
:10A7300008325FFA84FE51FA84F401F80E3084F88E
:10A7400001C083780430002BCDD1BDE810407047A4
:10A7500010B540F69C540A46C2F2004402A02146BD
:10A76000FFF776FF204610BD43444320436F6E66DB
:10A77000696700000000000040F2B8001222C2F237
:10A7800000400A807047000010B540F69C540A460D
:10A79000C2F2004402A02146FFF75AFF204610BD36
:10A7A00043444320496E746572666163650000002E
:10A7B00040F2E0000422C2F200400A80704700002C
:10A7C00010B540F69C540A46C2F2004402A021464D
:10A7D000FFF73EFF204610BD53544D6963726F650D
:10A7E0006C656374726F6E69637300000000000033
:10A7F00010B540F69C540A46C2F2004402A021461D
:10A80000FFF726FF204610BD53544D3332205669C2
:10A81000727475616C20436F6D506F72740000002C
:10A820004EF60003C1F6F17318689A6812184FF0DB
:10A830001A00088000F0A580B0B54FF0370C100F5B
:10A840000CEB1271B2F1204F38BF00F1300140F231
:10A85000E4005B68C2F30364C2F200404FF0000EF4
:10A8600081701101B1F1204F80F803E00CEB1175FC
:10A8700038BF04F13005110280F805E0C2F303543B
:10A8800005710CEB1175B1F1204F38BF04F13005A3
:10A89000110380F807E0C2F3034485710CEB1175D6
:10A8A000B1F1204F38BF04F13005110480F809E000
:10A8B000C2F3033405720CEB1175B1F1204F38BFB0
:10A8C00004F13005110580F80BE0C2F30324857212
:10A8D0000CEB1175B1F1204F38BF04F130051106B2
:10A8E00080F80DE0C2F3031405730CEB1175B1F1A0
:10A8F000204F38BF04F13005110702F00F0202F1BA
:10A9000037048573B1F1204F80F80FE038BF02F1B2
:10A910003004190FB3F1204F0CEB1372047480F85C
:10A9200011E038BF01F13002190180F813E08274A0
:10A93000B1F1204FC3F303620CEB117438BF02F185
:10A940003004190280F815E0C3F3035204750CEBD0
:10A950001174B1F1204F4FEA033138BF02F13004D6
:10A96000C3F30342B1F1204F0CEB1173847580F8EF
:10A9700017E038BF02F1300380F819E00376BDE834
:10A98000B04040F2E400C2F2004070470000000016
:10A9900080B10023C0F8B832C0F8C4320029C0F832
:10A9A000D03218BFC0F8B412012180F89C12027096
:10A9B00000F0D6B80320704780B5D0F8C802F9F788
:10A9C0008FF840F20032C100C0F20132032822FAAF
:10A9D00001F188BF0321C8B280BD00000000000063
:10A9E00080B5D0F8C802F9F753F840F20032C10040
:10A9F000C0F20132032822FA01F188BF0321C8B254
:10AA000080BD000000000000B0B589B190F89C2224
:10AA1000032A51D1D0F8B8225269002A4CD0002321
:10AA2000C0F8D4329047002808BF0020B0BD00BF56
:10AA3000D0F89412022939D1D0E9071399420DD9DF
:10AA4000CB1A11461A46C3610446FFF771FD002177
:10AA500000220023204600F01BF926E010D1826975
:10AA60008A420DD3D0F898128A4209D200210022DE
:10AA700000250446FFF75CFDC4F89852E7E700BFE5
:10AA800090F89C12032909D1D0F8B812C96829B1ED
:10AA90000022C0F8D422044688472046802104467C
:10AAA00000F0A2F92046FFF767FD204690F8A012BB
:10AAB00011B1002180F8A0120020B0BD00000000FC
:10AAC00010B579B190F89C22032A1DD1D0F8B82294
:10AAD0009269CAB10023C0F8D4329047002808BF59
:10AAE000002010BDD0F8941203290DD1D0E95713DE
:10AAF00099420BD9C91AC0F85C11994238BF0B466C
:10AB000011461A46FFF70CFD002010BD90F89C126C
:10AB1000032909D1D0F8B812096929B10022C0F877
:10AB2000D422044688472046FFF742FD002010BD8E
:10AB30000020704700000000012180F89C12D0F82E
:10AB4000B8223AB180B5017952689047002818BF01
:10AB5000032080BD00207047D0F8C802F8F7F0BF8E
:10AB60000178012933D110B542F6A871C2F2004133
:10AB7000C0F8C812C1F8E0040020C4F20400086064
:10AB8000092008714FF40070C8800220C1F8090044
:10AB90000020C88108740846F9F75AFD08B1F6F795
:10ABA00027F842F6A8744FF40071C2F20044204620
:10ABB000F8F7E2FE002180222046F8F7E1FE0121AD
:10ABC0004FF4BA722046F8F7DBFEBDE810400020D3
:10ABD000704700000000000001F07F02D0F8C802BA
:10ABE00001EBC10349B202EBC202002900EB820271
:10ABF00000EB830000F2562048BF02F116000078F7
:10AC00007047000000000000D0F8D42200EB820260
:10AC1000D2F8B82262B190F89C32032B06D1126AA6
:10AC200022B180B59047002080BD00BF0020704752
:10AC30000320704700000000D0F8D42200EB82020D
:10AC4000D2F8B82262B190F89C32032B06D1526A36
:10AC500022B180B59047002080BD00BF0020704722
:10AC6000032070470000000080B59446D0F8C80269
:10AC70001A466346F8F770FF40F20032C100C0F296
:10AC80000132032822FA01F188BF0321C8B280BD36
:10AC900080B5D0F8C802F8F79FFF40F20032C1003B
:10ACA000C0F20132032822FA01F188BF0321C8B2A1
:10ACB00080BD000000000000F0B581B0012680F8E2
:10ACC0009C620025C0F8945204464560D0F8B80252
:10ACD000C4F8A45284F8A05240B1426832B10021B5
:10ACE000204690470546002818BF03250021002272
:10ACF000402320464027FFF7B7FF80210022402352
:10AD00002046A4F86461C4F86071FFF7ADFFA68423
:10AD10002846276201B0F0BD90F89C12042903D1A7
:10AD200090F89D1280F89C120020704700000000EF
:10AD300090F89C12032908D1D0F8B81229B1C9693A
:10AD400019B180B58847BDE88040002070470000F9
:10AD5000024600201174704780B5D0F8C802F9F798
:10AD600013FE40F20032C100C0F20132032822FA81
:10AD700001F188BF0321C8B280BD000000000000BF
:10AD8000B0B500F2AA240546204600F079F801216A
:10AD9000C5F8941295F8AA12B5F8B03201F01F0266
:10ADA000C5F89832022A0FD0012A07D092B9284656
:10ADB0002146BDE8B04000F09FB800BF28462146BC
:10ADC000BDE8B04000F010BB28462146BDE8B040C9
:10ADD00000F056BA01F080012846BDE8B04000F00E
:10ADE00003B800000000000080B5D0F8C802F8F7F2
:10ADF0000FFF40F20032C100C0F20132032822FAF4
:10AE000001F188BF0321C8B280BD0000000000002E
:10AE100080B5D0F8C802F9F7D3FD40F20032C10086
:10AE2000C0F20132032822FA01F188BF0321C8B21F
:10AE300080BD000000000000014690F89C0204283C
:10AE400003D091F89C0281F89D020020042281F831
:10AE50009C2270470000000080B5D0F8C802F8F7C7
:10AE60000FFF40F20032C100C0F20132032822FA83
:10AE700001F188BF0321C8B280BD000000000000BE
:10AE80000A7802704A7842704A8842808A888280B2
:10AE9000C988C1807047000010B582B004464FF0E9
:10AEA0000000ADF80600B9B1D4F8D40204F52E7252
:10AEB000C4F8B81252F82000C16A21B10DF10600A1
:10AEC0008847C4F8D002D4F8D8020130C4F8D802B8
:10AED000002002B010BD00BF032002B010BD000072
:10AEE000D0F8B82212B11268104700BF0020704796
:10AEF000FFF78EBF000000000A78C2F34112531E14
:10AF0000022B07D2D0F8D42200EB8202D2F8B8226A
:10AF10009268104770B582B0002A40F0C9804A7824
:10AF2000092A00F2C580DFE802F0052FC357C3618C
:10AF30007DC31B4190F89C22013A022A00F2B8809E
:10AF4000C988022940F0B480D0F8A4120322002955
:10AF5000014608BF012241F80C2F02223CE100BF4C
:10AF6000C988012940F0A48090F89C124A1E022A48
:10AF700080F0988001460122002441F8084FFFF735
:10AF800007FB204602B070BD90F89C22013A022ACD
:10AF900000F28E8049880024012940F09280C0F898
:10AFA000A442FFF705FB204602B070BD498840F679
:10AFB0009855C2F2004511F0FE0F297050D0802143
:10AFC0000446FFF711FF00212046FFF70DFF032481
:10AFD000204602B070BD00BF4A88022A5ED0012A16
:10AFE00040F066800121C0F8A412FCE08A88002AA3
:10AFF0005ED1CA88002A5BD14D887F2D58D890F841
:10B000009C12032954D0E9B280F89E520446FFF7FF
:10B01000A3FE20462646FFF7CBFA002D00F026813E
:10B02000022024E14A884FF0FF330026ADF8066085
:10B0300003EB12230E2B00F27D80DFE803F0095DA5
:10B04000457B7B6D797B7B7B7B7B7B7B510000BF72
:10B050000D46D0F8B4120446007C0A6847E000BFF1
:10B0600090F89C22032A69D0022A40F08F800A06B9
:10B0700000F0B98001F001024260C9B20546FFF755
:10B080002FFF002800F0D280044680212846FFF7D9
:10B09000ABFE00212846FFF7A7FE70E0497980F853
:10B0A000A012A0E0032903D1011D012294E000BFFA
:10B0B00080210546FFF798FE002128460024FFF76F
:10B0C00093FE204602B070BDD2B2052A32D8DFE826
:10B0D00002F003C3BBBFB7C7D0F8B422526802E086
:10B0E000D0F8B422D2692AB30446007C0D460DF193
:10B0F00006019047014664E00D46017C0446D0F805
:10B10000B80200290CBF816AC16A0DF106008847A8
:10B110000146022054E000BF027C5AB90446D0F830
:10B12000B8020D46416B0DF106008847014648E024
:10B13000027CDAB3802104465EE000BF0A0665D0D7
:10B1400001F00102416891424DD0C9B20446FFF7B7
:10B15000D3F92978204661602546FFF7C1FE002813
:10B1600000F08280044680212846FFF73DFE002142
:10B170002846FFF739FE29792846FFF7BDF9022056
:10B1800085F89C02204602B070BD00BF80210446B5
:10B19000FFF72AFE00212046FFF726FE29782046E9
:10B1A000FFF7AAF90324204602B070BD0446D0F888
:10B1B000B8020D46016B0DF10600884701460720D5
:10B1C0004870EA8872B1BDF806309BB193422046C0
:10B1D00038BF1A46ADF80620FFF7DAF900242046FA
:10B1E00002B070BD2046FFF7E3F90024204602B00C
:10B1F00070BD00BF80212046FFF7F6FD00212046EC
:10B20000FFF7F2FD0024204602B070BD022180F855
:10B210009C120021002444600546FFF76DF9284682
:10B22000FFF7C6F9204602B070BD00BF2846FFF701
:10B23000BFF9032085F89C020024204602B070BDAF
:10B24000D0F8B42252694EE7D0F8B422D2684AE767
:10B25000D0F8B422126946E7D0F8B422926842E7E7
:10B26000D0F8B42292693EE72846BCE7012086F870
:10B270009C020024204602B070BD000000000000C7
:10B2800070B50D4609780446C1F341122979531E61
:10B29000022B07D22046FFF73BF9002855D00020AB
:10B2A00070BD00BF9ABB687840B3012814D0032852
:10B2B0002DD194F89C02032812D1688838B911F076
:10B2C0007F0004D0E88810B92046FFF78DFD2046A6
:10B2D000FFF76EF9002070BD94F89C02032821D07E
:10B2E000022814D1480612D02046FFF77DFD8021A8
:10B2F0002046FFF779FD002070BD00BF94F89C0246
:10B3000003282FD0022808BF5FEA416052D0802175
:10B310002046FFF769FD00212046FFF765FD00206C
:10B3200070BD00BF68880028B9D10E46480603D01A
:10B3300020463146FFF740FB2046FFF739F920460B
:10B340003146FFF7E5F80028A9D1D4F8B8028268A1
:10B350000020002AC4F8D402A1D020462946BDE826
:10B360007040104701F00F00802900EB800004EBD3
:10B37000800003D2B0F8640101E000BF808C002897
:10B38000C5D001F07F0001EB8102802900EB800035
:10B3900004EB800000F1140504EB820038BF00F5D7
:10B3A000AA75480616D02046FFF716FC002818BFDD
:10B3B000012010E008064FF0140058BF4FF4AA70A7
:10B3C00000222118225002222046FFF7E1F8002037
:10B3D00070BD00BF00202860022220462946FFF7EA
:10B3E000D7F8002070BD0000B0B50A7802F0600206
:10B3F000602A08D090F89C22013A022A03D88A8851
:10B4000012F0FE0F0AD080210546FFF7EDFC002167
:10B4100028460024FFF7E8FC2046B0BD0C46054650
:10B42000D1B2FFF779F808B10320B0BDD5F8B81252
:10B430008A68002AF8D028460021C5F8D41221468F
:10B440009047E1880446002908BF002CE4D1284633
:10B45000FFF7AEF80020B0BD70470000000000000C
:10B4600040F69C70C2F200407047000000000000EF
:10B4700010B50C784A78D0F81CC804F00F034FEAD6
:10B48000441E012A18D101229A4000EB0E0342EA21
:10B490000C02C0F81C28D3F80009000429D403F5D5
:10B4A00010600A7989686FF3DF21036841EA8241FD
:10B4B00043EA8452114317E04FF4803202FA03F357
:10B4C00000EB0E0243EA0C03C0F81C38D2F8000B64
:10B4D00000040ED40B7902F5306089686FF3DF2128
:10B4E000026841EA8341114341F0805141F4004137
:10B4F0000160002010BD00000146D0F8000940F2B4
:10B50000FF729043C1F80009D1F80428002042F4EA
:10B510008072C1F80428704782B002F47F42B2F50D
:10B52000807F40F08180836B4FF6BF7223F48033BD
:10B530008363DDF808C0C368CFF6BD721A40C260ED
:10B540005FFA8CF2C368012A23F44012C26003D16F
:10B55000C26842F48012C26000220092009A013256
:10B560000092009AB2F1706F00F2C4800269002A62
:10B5700021D4009A01320092009AB2F1706F00F269
:10B58000B9800269002A16D4009A01320092009A0A
:10B59000B2F1706F00F2AE800269002A0BD4009AFB
:10B5A00001320092009AB2F1706F00F2A38002693A
:10B5B000B2F1FF3FD2DC00220092026942F00102A8
:10B5C0000261009A01320092009AB2F1706F00F2AB
:10B5D00091800269D2071ED0009A01320092009A2F
:10B5E000B2F1706F00F286800269D20713D0009A20
:10B5F00001320092009AB2F1706F7BD80269D207D3
:10B6000009D0009A01320092009AB2F1706F71D89D
:10B610000269D207D5D1002201F47F01B1F5803F44
:10B6200040F08E807BE000BFC26842F04002C26002
:10B6300000220192019A01320192019AB2F1706FD7
:10B6400060D80269002A1ED4019A01320192019A3F
:10B65000B2F1706F56D80269002A14D4019A0132EF
:10B660000192019AB2F1706F4CD80269002A0AD493
:10B67000019A01320192019AB2F1706F42D80269C7
:10B68000B2F1FF3FD6DC00220192026942F00102D2
:10B690000261019A01320192019AB2F1706F31D8C0
:10B6A0000269D2071DD0019A01320192019AB2F1CA
:10B6B000706F27D80269D20713D0019A0132019224
:10B6C000019AB2F1706F1DD80269D20709D0019AB0
:10B6D00001320192019AB2F1706F13D80269D20758
:10B6E000D7D1002213F47F4F836B10D143F4803302
:10B6F0000FE000BF032201F47F01B1F5803F1FD1AD
:10B700000DE000BF032213F47F4F836BEED023F4D0
:10B710008033836301F47F01B1F5803F10D1C16DA7
:10B7200089B2C165C16D41F0007141F0F771C16529
:10B73000816841F006018160816841F020018160EB
:10B74000104602B07047000080B50A7847F6000C3A
:10B750004B78CEF6334C5101012B014426D1D1F860
:10B7600000394FF0010EB3F1FF3F01F5106307DC24
:10B77000196841F000611960196841F08041196051
:10B7800002F00F01D0F83C280EFA01F18A43C0F80C
:10B790003C28D0F81C2822EA0101C0F81C181968BE
:10B7A000002001EA0C01196080BD00BFD1F800EB58
:10B7B00001F53063BEF1FF3F0CF1707C4FF4803E29
:10B7C000DEDCD5E7000000000146D0F8000E20F0D6
:10B7D0000300C1F8000E0020D1F8042822F0020274
:10B7E000C1F80428704700000146D0F8000E20F090
:10B7F0000300C1F8000E0020D1F8042842F0020234
:10B80000C1F80428704700002DE9F04F86B0C3F35B
:10B8100007468E464FF00007C0F80471C0F8087163
:10B82000C0F80C71C0F81071C0F81471C0F818712C
:10B83000C0F81C71C0F82071C0F82471C0F82871DC
:10B84000C0F82C71C0F83071C0F83471C0F838718C
:10B85000C0F83C7126B100F138014FF400170FE039
:10B86000D0F80418802741F00201C0F80418816B59
:10B8700021F400118163016841F04001016001463B
:10B880000B681F4302F47F430F60B3F5807F4FF0D6
:10B890000001C0F8001E07D1B1EB1E6FD0F80018F0
:10B8A00006D041F0010103E0D0F8001841F0030197
:10B8B000C0F8001800210491049901310491049901
:10B8C000B1F1706F52D8016900291ED40499013179
:10B8D00004910499B1F1706F48D80169002914D41A
:10B8E0000499013104910499B1F1706F3ED8016956
:10B8F00000290AD40499013104910499B1F1706FBF
:10B9000034D80169B1F1FF3FD6DC002104914FF436
:10B91000846101610499013104910499B1F1706F5E
:10B9200024D8016989061DD504990131049104992F
:10B93000B1F1706F1AD80169890613D504990131E4
:10B9400004910499B1F1706F10D80169890609D585
:10B950000499013104910499B1F1706F06D801691D
:10B960008906D7D44FF0000A02E000BF4FF0010A69
:10B97000002105910599013105910599B1F1706F8B
:10B980004ED8016900291ED4059901310591059908
:10B99000B1F1706F44D80169002914D405990131BF
:10B9A00005910599B1F1706F3AD8016900290AD45F
:10B9B0000599013105910599B1F1706F30D8016990
:10B9C000B1F1FF3FD6DC00210591102101610599FD
:10B9D000013105910599B1F1706F21D80169C9064E
:10B9E00020D50599013105910599B1F1706F17D8EE
:10B9F0000169C90616D50599013105910599B1F17D
:10BA0000706F0DD80169C9060CD5059901310591F2
:10BA10000599B1F1706F03D80169C906D7D401E067
:10BA20004FF0010A5FFA8EF94FF00008B9F1000FEC
:10BA3000C0F81088C0F81488C0F81C8800F00D8188
:10BA4000CDF80CA04FF00065CDE9012ED0F800191B
:10BA5000B9F1010B4FF67F3405EA1111C0F8001956
:10BA6000C0F81089C0F8084973D0A9F102010BF0A1
:10BA7000030A032904D20121BAF1000F3FD168E083
:10BA800000962BF0030700F5186600234FF0904C4A
:10BA90004FF67F3E002200BF56F8601C04320CEACD
:10BAA000E17146F8601C46F8503C974246F858EC65
:10BAB00056F8401C0CEAE17146F8401C46F8303C50
:10BAC00046F838EC56F8201C0CEAE17146F8201CC8
:10BAD00046F8103C46F818EC31680CEAE171316028
:10BAE0003361C6F808E006F18006D5D1511C009EEE
:10BAF0004FF000654FF67F34BAF1000F29D000F502
:10BB000010634F0103EB4111B446DE594FF09042F0
:10BB100002EAE676DE5166460023BAF1010F4FF6DF
:10BB20007F370B618F6014D00E6ABAF1020F02EA00
:10BB3000E67266460A620B638F620AD00A6C4FF0A7
:10BB4000904303EAE2720A6400220A654FF67F32EC
:10BB50008A64D0F8001BBBF1000F05EA1111C0F890
:10BB6000001B4FF00001C0F8101BC0F8084BDDE9C6
:10BB7000012EDDF80CA070D0A9F102010BF0030C2E
:10BB8000032905D20121BCF1000F3CD165E000BFC3
:10BB9000914600962BF0030500F5386600234FF020
:10BBA00090474FF67F32002156F8604C043107EA87
:10BBB000E47446F8604C46F8503C8D4246F8582CE8
:10BBC00056F8404C07EAE47446F8404C46F8303CDE
:10BBD00046F8382C56F8204C07EAE47446F8204C16
:10BBE00046F8103C46F8182C346807EAE4743460D0
:10BBF0003361B26006F18006D6D10131009E4A461B
:10BC0000BCF1000F29D000F530634F0103EB411167
:10BC10003446DE594FF0904505EAE676DE51264679
:10BC20000023BCF1010F4FF67F370B618F6014D0FA
:10BC30000E6ABCF1020F05EAE67526460D620B633B
:10BC40008F620AD00F6C4FF0904303EAE7730B64E6
:10BC500000230B654FF67F338B64D0F810181EF469
:10BC60007F0F21F48071C0F81018C0F818806FF0B1
:10BC70008041416103D1816941F01001816143F646
:10BC800000038169C8F23C0312F47F0F41EA03010B
:10BC9000816103D0816941F008018161012E05D1E4
:10BCA000816941F0804141F004018161504606B054
:10BCB000BDE8F08F0000000001468268002022F0FD
:10BCC00001028A607047000043F20B03D0F840C0C5
:10BCD000C4F654739C4503D3D0F8003B002B1ED40C
:10BCE0000023C0F8103BD0F8103B012943F4002397
:10BCF000C0F8103BD0F8103B43F01803C0F8103BDD
:10BD0000D0F8103B43F0C041C0F8101B07D1C0F879
:10BD1000142BD0F8001B41F08021C0F8001B00203C
:10BD200070470000000000004A780B78012A4FEAB3
:10BD3000431210440ED1D0F8002922F40012C0F8AA
:10BD40000029097901F0FE01022914D100F51060E3
:10BD50000DE000BFD0F8002B22F40012C0F8002B39
:10BD6000097901F0FE01022905D100F53060016872
:10BD700041F0805101600020704700000000000089
:10BD80000A784B785101012B084407D1D0F80019EB
:10BD9000002900F5106107D50CE000BFD0F8001BAA
:10BDA000002900F5306105D4002A1EBF086820F084
:10BDB000804008600A68002042F400120A60704760
:10BDC000F0B591F800C000254B784FF6FF76CFF61E
:10BDD000F875CEF20706012B00EB4C1E1CD10C6946
:10BDE0000EF51063002CDEF810793DD03D401D614A
:10BDF0001D69BCF1000F05EA06051D618D6863D061
:10BE00006619013EB6FBF5F50026C1F6F87606EA9E
:10BE1000C5451E6935435EE0DEF8103B4FF6FF7402
:10BE20002B40CEF8103BDEF8105BC0F20704354023
:10BE3000CEF8105B0EF53063BCF1000F8E680D6913
:10BE40001ED00DB3AF19013FB7FBF6F7BDB26E437D
:10BE500000250E62C1F6F87505EAC7471D69264040
:10BE60002F431F6117E000BF07EA06041C611C692D
:10BE700044F400241C611C69254000243CE000BF00
:10BE8000002D18BF0E610E6206EA04071E693743D3
:10BE90001F614FF400261F69012A47EA06021A6152
:10BEA00003D1CA68002A18BF5A610979012937D11C
:10BEB000D0F80808C0054FF0805058BF4FF0005030
:10BEC0001968084318602BE0AC4201D92C460D617B
:10BED0001D6945F400251D6125466FF3DF451E6988
:10BEE00035431D610D79012D07D11D6925F0C04530
:10BEF0001D611D6945F000551D61012A18D1CA69EF
:10BF0000002A18BFCEF814290979012908D1D0F8E0
:10BF10000808C005DEF800095CD440F00050D1E705
:10BF20004FF004411868084318600020F0BD00BFBE
:10BF300000F510634FEA4C169F5947F004479F5194
:10BF40000F79012F3CD1D0F80878FF054FF08057CA
:10BF500058BF4FF00057F558002A45EA0702F25043
:10BF6000E3D1A2B2002AE0D0D61C4FF0FF32C9685C
:10BF700000F5805002EB96034FEA0C32032BC6F318
:10BF800081030FD3B70827F0030600BF0F681750CF
:10BF90004F6817508F681750CF68043E01F11001A9
:10BFA0001750F3D1002BC0D0012B0F688750BCD0A5
:10BFB000022B4B688350B8D0896881500020F0BDB7
:10BFC000002CB2D00CF00F01012202FA01F100F6B0
:10BFD0003403A7E740F0805074E700000000000041
:10BFE00081B0002200924A780978012A4FEA411173
:10BFF0003AD100F510625058B0F1FF3F3ADC885852
:10C0000042F2107340F000608850885840F0804041
:10C0100088500098013000900098984264D8505899
:10C02000B0F1FF3F26DC0098013000900098984264
:10C030005AD85058B0F1FF3F1CDC009801300090F6
:10C040000098984250D85058B0F1FF3F12DC009849
:10C05000013000900098984246D85058B0F1FF3F08
:10C060004FF00000D5DD3CE000F530625058B0F1F3
:10C07000FF3F03DD002001B0704700BF885842F247
:10C08000107340F000608850885840F0804088501D
:10C090000098013000900098984225D85058B0F18F
:10C0A000FF3FE7DC009801300090009898421BD8D1
:10C0B0005058B0F1FF3FDDDC00980130009000984F
:10C0C000984211D85058B0F1FF3FD3DC00980130AE
:10C0D00000900098984207D8505800284FF0000070
:10C0E000D6D401B0704700BF012001B070470000F6
:10C0F00001468268002042F001028A607047000019
:10C1000081B000220092009A01320092009AB2F1AE
:10C11000706F51D80269002A1ED4009A0132009231
:10C12000009AB2F1706F47D80269002A14D4009ABD
:10C1300001320092009AB2F1706F3DD80269002A74
:10C140000AD4009A01320092009AB2F1706F33D88B
:10C150000269B2F1FF3FD6DC890100220092203152
:10C1600001610099013100910099B1F1706F23D8FC
:10C17000016989061DD50099013100910099B1F13D
:10C18000706F19D80169890613D5009901310091A2
:10C190000099B1F1706F0FD80169890609D500992E
:10C1A000013100910099B1F1706F05D801698906DC
:10C1B000D7D4002001B07047032001B070470000C1
:10C1C000D0F8081888074FF0020001F0060158BFA8
:10C1D0000F20002908BF084670470000000000003B
:10C1E000406900F00100704741F2BC12C2F2004207
:10C1F0005066A2F860107047D0F81818D0F81C08E4
:10C20000084080B270470000D0F81818D0F81C0819
:10C210000840000C70470000D0F810C8D0F834383F
:10C2200001F00F0200EB411023FA02F2D201D0F824
:10C230000809D1B241EA0C01084070470000000033
:10C2400000EB4111D1F8081BD0F8140808407047E2
:10C25000416980690840704710B5930802F0030EE9
:10C260002CD05A1E03F0030C032A0FD323F0030330
:10C270004FF4805284580C6084584C6084588C6011
:10C280008458043BCC6001F11001F3D1BCF1000FE4
:10C2900014D04FF480520B46BCF1010F845843F880
:10C2A000044B05D11946BEF1000F0AD11FE000BFB3
:10C2B000BCF1020F82584A601CD10831BEF1000F58
:10C2C00015D04FF48052BEF1010F80580A4602F893
:10C2D000010B01D1104610BDBEF1020F4FEA102232
:10C2E0004A7001D1881C10BD000C887003310846CB
:10C2F00010BD00BF4FF4805282588A600C31BEF1ED
:10C30000000FDED1F3E70000B0B50446C068002995
:10C3100020F0C040E06000F09980012940F0B0803A
:10C32000E0680A2540F00050E0600A20F6F7B0F916
:10C3300054F8140FC00740F09C800A20F6F7A8F9C3
:10C340002068C00740F09E800A20F6F7A1F9206817
:10C35000C00740F0A5800A20F6F79AF92068C007C8
:10C3600040F0AC800A20F6F793F92068C00740F04F
:10C37000B3800A20F6F78CF92068C00740F0BA8035
:10C380000A20F6F785F92068C00740F0C1800A202E
:10C39000F6F77EF92068C00740F0C8800A20F6F75B
:10C3A00077F92068C00740F0CF800A20F6F770F9CF
:10C3B0002068C00740F0D6800A20F6F769F92068A7
:10C3C000C00740F0DD800A20F6F762F92068C00758
:10C3D00040F0E4800A20F6F75BF92068C00740F0DF
:10C3E000EB800A20F6F754F92068C00740F0F2808D
:10C3F0000A20F6F74DF92068C00740F0F9800A20BE
:10C40000F6F746F92068C00740F000810A20F6F7E9
:10C410003FF92068C00740F007810A20F6F738F995
:10C420002068C00740F00E810A20F6F731F9206835
:10C43000C00740F016810A20F6F72AF9C8252068BF
:10C44000A5F1C800B0FA80F04009B0BDE0680A2547
:10C4500040F08040E0600A20F6F71AF954F8140F13
:10C46000C00706D00A20F6F713F92068C00711D1DB
:10C470001425A5F1C800B0FA80F04009B0BD00BF96
:10C480000120B0BD1425A5F1C800B0FA80F0400924
:10C49000B0BD00BF0A20F6F7FBF82068C00707D13F
:10C4A0001E25A5F1C800B0FA80F04009B0BD00BF5C
:10C4B0000A20F6F7EDF82068C00707D12825A5F176
:10C4C000C800B0FA80F04009B0BD00BF0A20F6F7FE
:10C4D000DFF82068C00707D13225A5F1C800B0FAFF
:10C4E00080F04009B0BD00BF0A20F6F7D1F82068FF
:10C4F000C00707D13C25A5F1C800B0FA80F040097B
:10C50000B0BD00BF0A20F6F7C3F82068C00707D106
:10C510004625A5F1C800B0FA80F04009B0BD00BFC3
:10C520000A20F6F7B5F82068C00707D15025A5F115
:10C53000C800B0FA80F04009B0BD00BF0A20F6F78D
:10C54000A7F82068C00707D15A25A5F1C800B0FA9E
:10C5500080F04009B0BD00BF0A20F6F799F82068C6
:10C56000C00707D16425A5F1C800B0FA80F04009E2
:10C57000B0BD00BF0A20F6F78BF82068C00707D1CE
:10C580006E25A5F1C800B0FA80F04009B0BD00BF2B
:10C590000A20F6F77DF82068C00707D17825A5F1B5
:10C5A000C800B0FA80F04009B0BD00BF0A20F6F71D
:10C5B0006FF82068C00707D18225A5F1C800B0FA3E
:10C5C00080F04009B0BD00BF0A20F6F761F820688E
:10C5D000C00707D18C25A5F1C800B0FA80F040094A
:10C5E000B0BD00BF0A20F6F753F82068C00707D196
:10C5F0009625A5F1C800B0FA80F04009B0BD00BF93
:10C600000A20F6F745F82068C00707D1A025A5F154
:10C61000C800B0FA80F04009B0BD00BF0A20F6F7AC
:10C6200037F82068C00707D1AA25A5F1C800B0FADD
:10C6300080F04009B0BD00BF0A20F6F729F8206855
:10C64000C00707D1B425A5F1C800B0FA80F04009B1
:10C65000B0BD00BF0A20F6F71BF82068C0077FF4C2
:10C66000EAAEBE25A5F1C800B0FA80F04009B0BD21
:10C670000246D0F8000820F4FE6001F07F01C2F805
:10C6800000080020D2F8003843EA0111C2F800186F
:10C690007047000000000000022A02465FD145F208
:10C6A000403043F20053CFF62770C0F20C03084429
:10C6B000984203D24FF4705153E000BF41F64060FE
:10C6C00044F24023CFF61B70C0F20F030844984297
:10C6D00002D24FF4605144E0A1F5740044F6807337
:10C6E000A0F51050C0F21203984203D24FF45051FB
:10C6F00037E000BFA1F183704DF22063A0F5E74061
:10C70000C0F21303984203D24FF4405129E000BF16
:10C710004BF260604EF26033CFF6E560C0F2160374
:10C720000844984202D24FF430511AE04DF20030E2
:10C7300047F24073CFF6CE60C0F21B030844984224
:10C7400002D24FF420510CE045F6C03049F2C0133C
:10C75000CFF6B360C0F22103084498420AD24FF4E6
:10C760001051D06820F47050D060D3680020194375
:10C77000D1607047A1F1B77047F22053A0F558502F
:10C78000C0F23803984203D24FF40051E9E700BFEA
:10C7900045F2E04049F6E043CFF65960C0F241036C
:10C7A00008444FF4C051984238BF4FF4E051D8E7E5
:10C7B00080B5DDF808C0BCF1000F33D193B303336B
:10C7C0004FF0FF3C00F5805E12030CEB930CBCF1C4
:10C7D000030FC3F3810C13D39B0823F0030300BFA3
:10C7E000086842F80E00486842F80E00886842F86F
:10C7F0000E00C868043B01F1100142F80E00EFD1B1
:10C80000BCF1000F0ED0BCF1010F08684EF8020019
:10C8100008D0BCF1020F48684EF8020002D08868C8
:10C820004EF80200002080BDFEE70000000000007E
:10C830002DE9F04F81B042F2282448F20000C2F204
:10C8400000440021C4F2BB40C4F2FA31C4E9010142
:10C850004FF00130C4F8E100C4F8DD0004F5C47005
:10C86000442100252560C4E93455C4F8D85084F823
:10C87000DC50A4F8E550C4E93E55C4E94055C4E98C
:10C880004255A4F81051C4E94555C4E94755A4F8E8
:10C890002451C4F8F350C4E93A55C4F8F050C4F830
:10C8A000285184F82C51C4E95A55C4E95C55C4F8A0
:10C8B0007851F3F782FE04F5EC704421F3F77DFE26
:10C8C00004F50A704421F3F778FE04F51E70442144
:10C8D000F3F773FE04F532704421F3F76EFE4AF26B
:10C8E000877A48F6AC3B45F6FB464FF40050A4F877
:10C8F00034034CF6CD4740F20008042084F874035A
:10C9000004F56770442184F84851C4E94C55C4E9E2
:10C910004E55C4E95055C4E95355C4E95555C4E9C9
:10C92000575584F86451C3F6976AC4F824A3C3F634
:10C930001B6BC4F82853C3F6AD76C4E9CBB6C4F27A
:10C940004C4784F84C53C4F2A018C4F84853C4E9C7
:10C95000CE78C4E9D055C4E9DE55C4E9E055C4F841
:10C9600088534FF07E59C4F88C93F3F726FE04F5F4
:10C970007B704421F3F721FE4FF40050A4F85804D3
:10C98000042084F8980404F598604421C4F848A46D
:10C99000C4F84C54C4F850B4C4F85464C4F85C747B
:10C9A000C4F86084C4F86454C4F86854C4F86C547F
:10C9B00084F87054C4F89C54C4F8A054C4F8A45427
:10C9C000C4F8A854C4F8AC54C4F8B094F3F7F5FD17
:10C9D00004F5A2604421F3F7F0FD4FF40050A4F8F1
:10C9E0007C05042084F8BC054FF08D40C4F8E405B4
:10C9F00004F204602821C4F86CA5C4F87055C4F88A
:10CA000074B5C4F87865C4F88075C4F88485C4F832
:10CA10008855C4F88C55C4F8905584F89455C4F8DA
:10CA2000C055C4F8C455C4F8C855C4F8CC55C4F8AA
:10CA3000D055C4F8D49584F80056C4F8E855C4F825
:10CA4000EC55C4F8F055C4F8F455C4F8F855C4F8DA
:10CA5000FC55F3F7B2FD49F69A104CF6CD41C3F6FA
:10CA60001960C4F82C064CF6CD40C3F64C61C3F6F1
:10CA7000CC50C4F83016C4F83406C4F83806C4F8EC
:10CA80003C060220C4F85856C4F85C5684F8605638
:10CA9000A4F86406012084F8660601B0BDE8F08FB2
:10CAA000F0B581B0F9F72CF8A0B3044641F20400C8
:10CAB00040F24827CEF20000C2F200470068396811
:10CAC0003860411AD7E902235518224643F100067F
:10CAD000002328463146C7E90256F3F77FFC44F6A7
:10CAE000D3513861C1F262010023A4FB0112284630
:10CAF00031469209F3F772FC4DF683617861C4F216
:10CB00001B310023A4FB011228463146920CF3F797
:10CB100065FCB86101B0F0BDF0B589B04DF20042DE
:10CB200004460068C4F20002904219D04AF2004262
:10CB3000C4F2000290420BD04AF20002C4F200029A
:10CB4000904244D140F26010C2F200400CE000BFBD
:10CB500040F26010C2F200408463C16606E000BF8C
:10CB600040F2B420C2F200400460416301A92046B3
:10CB70000025019502950226039601270497059545
:10CB80000695F5F75DFE022102220023204600955E
:10CB9000F5F79EFE012100222046F5F78DFD4FF0AE
:10CBA0008040019001A920460297039604960595BE
:10CBB0000695F5F745FE0221022200232046009546
:10CBC000F5F786FE102100222046F5F775FD204678
:10CBD000F6F7B2FC09B0F0BD80B58AB0DDF830C020
:10CBE00001911BB1012B02D14FF080430293ACF1B4
:10CBF000010107294FF00001039198BFCDF810C043
:10CC00000991CDE90711CDE9051101A9F5F79CFDC1
:10CC10000AB080BD0000000042F228210246C2F2A4
:10CC2000004101F5C8610846114600F011BF00003F
:10CC3000401A01EE100A501A02EE100AB8EEC11A9C
:10CC4000B8EEC22A81EE021A30EEC02AA1EE020A24
:10CC5000704700000000000010B542F228240A4688
:10CC6000C2F200440146204600F04EFD2046BDE8D9
:10CC7000104000F0BDBF000010B5FFF711FF40F2FB
:10CC80006424C2F20044207861680131616001309F
:10CC90002070C2B2642A07D342F22820C2F20040B8
:10CCA00000F0CAFF00202070607801306070C1B2CF
:10CCB000652907D342F22820C2F2004000F0C8FFE5
:10CCC0000020607042F22824C2F20044204600F0A6
:10CCD000C3FF204600F0A8FFBDE8104000F050B8A8
:10CCE0000168A1F20121022988BF704703A252F80E
:10CCF000212000F12801104601F096BB9424002465
:10CD0000B8250024DC26002401460068B0F5447FE5
:10CD100018BF704742F22820C2F20040E83000F00D
:10CD2000CBB90000000000000278437811B10B700D
:10CD30000078487043EA02207047000000000000BD
:10CD400010B542F22824C2F2004494F85E0028B9DB
:10CD500042F22820C2F2004000F04AFFD4F8100648
:10CD6000D4F81416C4E9450104F1E800D4F8181603
:10CD7000C4F81C11BDE8104000F0E6B90000000046
:10CD800080B58AB04FF40070019000200821CDE9F1
:10CD90000200CDE90410CDE90600CDE9080042F615
:10CDA000C85040F27422C2F20040C2F2004201A90F
:10CDB000F5F7CAFC0AB080BDB0B52DED048B40F686
:10CDC00000050446C5F6020500F001024FF40051CB
:10CDD0002846B0EE608AB0EE409AF6F7D5FCC4F370
:10CDE00040024FF480412846F6F7CEFCC4F380029F
:10CDF0004FF400412846F6F7C7FC43F2D8440C2113
:10CE0000C2F200442046F9F793FF43F28C45042117
:10CE1000C2F200452846F9F78BFF9FED0A0A206809
:10CE200029EE000A9FED081A28EE011ABCEEC00A8E
:10CE300080ED100ABCEEC10A286880ED0E0ABDEC38
:10CE4000048BB0BD00FF7F4700007A440000000063
:10CE50004EF6FC50CEF20000016841F08071016096
:10CE600041F200000021CEF200004160026842F071
:10CE70000102026040F248224068C2F200421060A3
:10CE8000C2E902117047000041F6FF720368C4F264
:10CE9000000240F2D01C9342C2F2004C1EDC40F66D
:10CEA000FF72C4F2000293423ADC40F2FF72C4F215
:10CEB000000293426CDCB3F1804F00F0B98040F285
:10CEC0000042C4F20002934240F0F3800CF11403DC
:10CED0000CF1100CCCF800001960704740F2FF32E2
:10CEE000C4F20102934237DC4EF2FF32C4F2000278
:10CEF000934263DC42F20002C4F20002934200F06B
:10CF00009F804EF20002C4F20002934240F0D180B2
:10CF10000CF174030CF1700CCCF800001960704730
:10CF200041F2FF72C4F20002934259DC41F2000266
:10CF3000C4F20002934200F08B8041F20042C4F23E
:10CF40000002934240F0B5800CF134030CF1300C38
:10CF5000CCF800001960704744F2FF32C4F20102BD
:10CF6000934251DC40F20042C4F20102934277D076
:10CF700044F20002C4F20102934240F09A800CF1A4
:10CF80005C030CF1580CCCF800001960704700BF2E
:10CF900040F60002C4F20002934269D040F600421B
:10CFA000C4F20002934240F084800CF124030CF19F
:10CFB000200CCCF800001960704700BF4EF2004210
:10CFC000C4F2000293425BD00022C4F201029342F9
:10CFD0006FD10CF10403CCF800001960704700BF5A
:10CFE00041F60002C4F20002934253D041F60042DF
:10CFF000C4F2000293425CD10CF14C030CF1480CDA
:10D00000CCF800001960704744F20042C4F20102FB
:10D01000934247D044F60002C4F20102934248D141
:10D020000CF16C030CF1680CCCF80000196070472F
:10D030000CF10C030CF1080CCCF8000019607047DF
:10D040000CF154030CF1500CCCF80000196070473F
:10D050000CF12C030CF1280CCCF80000196070477F
:10D060000CF13C030CF1380CCCF80000196070474F
:10D070000CF11C030CF1180CCCF80000196070477F
:10D0800040F2F02CC2F2004C0CF10403CCF800008A
:10D09000196070470CF144030CF1400CCCF800000F
:10D0A000196070470CF164030CF1600CCCF80000BF
:10D0B00019607047000000000A68B2F5447F18BF8D
:10D0C0007047F0B581B02DED048BB9EE008AB1EE5A
:10D0D000009A0446088D48F200054F8DB0EE480ACC
:10D0E000F0EE490ACFF6FF758E8D47F6FF7229469E
:10D0F000C0BAFFF79DFD84ED040AB0EE480AF0EED9
:10D10000490A47F6FF72F8BA2946FFF791FD84ED08
:10D11000050ABAEE000AF2EE000A47F6FF72F0BA0C
:10D120002946FFF785FD002084ED060AC4E90700C3
:10D130006068013060600120A073BDEC048B01B019
:10D14000BDE8F04070470000D0F800C0BCF1000F0F
:10D1500008BF7047B0B586B090F838E0054690F843
:10D160003930BEF1000F18BF4FF0010E90F83A10A1
:10D17000002B18BF012390F83B20002990F83C4079
:10D180004EEA430318BF0121002A18BF0122002CD8
:10D1900043EA810118BF012490F83D3041EAC20101
:10D1A000C26A41EA0411002B4FF0080418BF0123A2
:10D1B000DCF800C0049241EA4311ADF80C108189FB
:10D1C000026B0592426B029204AAADF80E104FF466
:10D1D0004871002360460094FFF7FEFC286802AA0D
:10D1E00040F22131002300680094FFF7F5FCA88984
:10D1F0000130A88106B0BDE8B040704700000000D3
:10D20000D0E9011291420BD100220285C0E904222B
:10D21000C0E90622C0E9082282738160704700BF1E
:10D2200001228273816070474AF200020968C4F2E9
:10D230000002914216D04DF20042C4F20002914227
:10D240000AD04AF20042C4F20002914210D140F2E8
:10D250009811C2F200410CE040F2B421C2F2004148
:10D2600007E000BF40F26011C2F2004101E000BFE0
:10D27000002101600021C0E90411C0E90611C0E9E4
:10D2800008110185C0E90B11C0E90D118187C0E9C2
:10D290000111C0F80B1070472DE9F04F87B0817B6A
:10D2A000077CC37B467C427B3F02857C42EA0122AD
:10D2B00041EA03216FF3DF22A0F8602047EA06422B
:10D2C000077DC1F3CA01A0F86210D118C27C46EAFA
:10D2D0000523467DC1F38A11A0F8641045EA0221B6
:10D2E000857D3F02C3F34A03A0F8663047EA064350
:10D2F000077EC1F30A11A0F868109918C27D46EAAA
:10D300000523867EC1F3CA11A0F86A1045EA0221FE
:10D31000427E89B2457FC3F38A03A0F86C30490985
:10D32000A0F86E1047EA0221C37E077F42EA062278
:10D330001B026FF3DF21A0F87010C2F3CA02A0F83D
:10D34000722043EA0741827F314447EA0523C77FC1
:10D3500090F82060C1F38A11A0F8741045EA022108
:10D360003F02C1F30A1590F82110C3F34A03A0F855
:10D37000763047EA0643A0F878501A4446EA012777
:10D3800090F82230C2F3CA12A0F87A20C7F38A02BA
:10D39000B0F86070A0F87C204FF47872B7F5006F99
:10D3A000069738BF3A4690ED012A90ED023A00EE1A
:10D3B000102A41EA032189B290F823304909A0F8E4
:10D3C0007E10B8EE400A03F00101494240F2FF72BC
:10D3D0006FF3DF21A0F8801030EE420A990702EACD
:10D3E000E171A0F88210C3F3800180F88510C3F3C7
:10D3F000C00180EE034ABFEE000A80F886104FF4A9
:10D40000787180F88430B0EE401AB4EE404AF1EE04
:10D4100010FA0ADBB7EE005AB0EE441AB4EE454AF1
:10D42000F1EE10FA01DDB0EE451AB0F86220059277
:10D43000B2F5006F38BF114680ED101A04EE101AD5
:10D44000B8EE444A34EE424A84EE035AB0EE404A03
:10D45000B4EE405AF1EE10FA0ADBB7EE006AB0EE15
:10D46000454AB4EE465AF1EE10FA01DDB0EE464AF6
:10D47000B0F866204FF478710492B2F5006F38BFAF
:10D48000114680ED114AB0EE404A05EE101A4FF4F5
:10D490007871B8EE455A35EE425A85EE035AB4EE2D
:10D4A000405AF1EE10FA0ADBB7EE006AB0EE454AD8
:10D4B000B4EE465AF1EE10FA01DDB0EE464AB0F88D
:10D4C00064200392B2F5006F38BF114680ED124A16
:10D4D000B0EE404A05EE101AB8EE455A35EE425A03
:10D4E00085EE035AB4EE405AF1EE10FA0ADBB7EEBD
:10D4F000006AB0EE454AB4EE465AF1EE10FA01DD8C
:10D50000B0EE464AB0F868204FF478710292B2F556
:10D51000006F38BF114680ED134AB0EE404A05EE69
:10D52000101A4FF47871B8EE455A35EE425A85EE2E
:10D53000035AB4EE405AF1EE10FA0ADBB7EE006A75
:10D54000B0EE454AB4EE465AF1EE10FA01DDB0EE07
:10D55000464AB0F86AB0BBF5006F38BF594680ED57
:10D56000144A05EE101AB8EE455A35EE422A82EEFC
:10D57000032AB4EE402AF1EE10FA0ADBB7EE003AC5
:10D58000B0EE420AB4EE432AF1EE10FA01DDB0EE3D
:10D59000430AB0F86C104FF4787E40F2135903231D
:10D5A000B1F5006F28BF714690F8E160B0F86E20C9
:10D5B000B1F52F7F019698BF0126494540F21451DD
:10D5C00088BF0226B2F5006F90F8E27028BF72465D
:10D5D000B0F870800097B2F52F7F98BF01274A45B9
:10D5E00088BF0227B8F5006F28BFF04680ED150A06
:10D5F000B8F52F7F80ED161A98BF0123B0F872207E
:10D6000090F8E4C0884528BF0223B2F5006F80F887
:10D61000DD6038BF9646654690F8E3A080F8DE707E
:10D62000BEF52F7F80F8DF3098BF0125CE4588BF3B
:10D630000225721E80F8E05018BF062280F85C2098
:10D640007A1E18BF0622BAF1020F80F85D200BD0B7
:10D65000BAF1010F12D15A1E4FF48234D2B2D20065
:10D6600024FA02F214E000BF5A1E40F20264D2B261
:10D67000C0F20504D20024FA02F209E040F2145488
:10D680000422A04538BF0322B8F52F7F98BF02229D
:10D6900080F85E206A1EB0F8A84018BF06220699DE
:10D6A00080F85F208C4202BFB0F8AA2005998A4218
:10D6B0001CD1B0F8AE2004998A4202BFB0F8AC2069
:10D6C00003998A4212D1B0F8B02002998A420DD152
:10D6D000B0F8B2205A4509D10199B14204BF00996E
:10D6E000B94203D19A4508BFAC4505D0012180F865
:10D6F000E61007B0BDE8F08F002180F8E61007B013
:10D70000BDE8F08F000000002DE9F041192A8046A5
:10D7100050D34FF0FF3000251923002606E000BF4C
:10D720000136B5B213FA86F797420DD84C5D0F2C2F
:10D73000F6D14C19247E04F00F07042F08BF2846A9
:10D74000002C08BF2846EBE7B0F1FF3F32DD08F1BF
:10D750000C05014419222846F2F7B8FE4046FFF7AF
:10D760009BFD98F8850008F1400618B998F88600E6
:10D77000012827D1012088F8DC0048213046002408
:10D7800088F8E540F2F719FF08F12500192229462B
:10D790004FF00137C8F8DD7088F8E640F2F796FEE2
:10D7A00008F1880048223146F2F7D5FEC8F8E1704A
:10D7B000BDE8F081B8F8DA000130A8F8DA00BDE879
:10D7C000F08100BFD8F8D010002088F8DC00481C99
:10D7D000C8F8D00008F1250019222946F2F776FE94
:10D7E00008F1880048223146F2F7B5FED8F8DD008E
:10D7F000C8F8E100BDE8F08190F8DC10012907D1FC
:10D80000002180F8E510D0F8D010C0F8D41070478F
:10D81000D0E9341291420BD1B0F8D820002380F81F
:10D82000E5300132A0F8D820C0F8D410704700BF0E
:10D83000012280F8E520C0F8D410704700000000F5
:10D84000B0B544F6FF720968C4F200020446914282
:10D8500016DC44F20040C4F20000814228D044F6B5
:10D860000000C4F2000081422ED044F60040C4F211
:10D870000000814233D140F23870C2F200402DE006
:10D8800045F20000C4F20000814217D041F20000CE
:10D89000C4F2010081421DD041F20040C4F20100F7
:10D8A00081421CD140F65810C2F2004016E000BF81
:10D8B00040F21850C2F2004010E000BF40F64800AD
:10D8C000C2F200400AE000BF40F22860C2F200400D
:10D8D00004E000BF40F20840C2F200402060002097
:10D8E0004CF20001C4F27840C4F24C41C4E9010199
:10D8F00004F10C00322104F14005F2F75EFE9021A4
:10D900002846F2F75AFE4FF00130C4F8E100C4F89F
:10D91000DD00002084F8DC00C4F8A400B0BD0000E5
:10D92000017919B190ED021A20E000BF90ED030AD1
:10D9300090ED062AB4EE402A90ED021AF1EE10FAAC
:10D9400008DBB4EE410AF1EE10FA03DB80ED000AC9
:10D950000CE000BFB4EE402AF1EE10FA06DCB4EEA3
:10D96000410AF1EE10FAD8BF80ED000AB5EE401A78
:10D97000F1EE10FA18DD90ED060AB4EE410AF1EE70
:10D9800010FA32DCB4EE410AF1EE10FA54DA31EE5C
:10D99000401AB0EEC12A90ED051AB4EE412AF1EE1C
:10D9A00010FA43DC46E000BFB5EE401A90ED060ADF
:10D9B000F1EE10FAB4EE410A14DAF1EE10FA2ADBB5
:10D9C000B4EE410AF1EE10FA36DD31EE401AB0EE57
:10D9D000C12A90ED051AB4EE412AF1EE10FA0FDCDF
:10D9E00028E000BFF1EE10FA10DD31EE401AB0EE83
:10D9F000C12A90ED041AB4EE412AF1EE10FA19DDB5
:10DA000090ED000A31EE000A14E000BFB4EE410AC6
:10DA1000F1EE10FA10DA31EE401AB0EEC12A90EDB4
:10DA2000041AB4EE412AF1EE10FA03DD90ED000A7B
:10DA300030EE410A80ED000A016881607047000005
:10DA400080ED040AC0ED050A017170470000000076
:10DA5000B0B52DED048B05688169C16185B3BAEE5F
:10DA6000008AB2EE009AB5F8053000F109040021F1
:10DA70004FF6FF72B0EE480AF0EE490A1846FFF77B
:10DA8000D7F810EE100AB0EE480AF0EE490A00216D
:10DA900020604FF6FF72B5F80700FFF7C9F810EEE7
:10DAA000100AB0EE480AF0EE490A002160604FF615
:10DAB000FF72B5F80900FFF7BBF810EE100AA0607E
:10DAC000BDEC048BB0BD0000016070470000000099
:10DAD00090F85E2000F5BB61002380F86436CAB37D
:10DAE00090F8E530013BB3FA83F34FEA531380F823
:10DAF000653644D190ED100A9FED3C4AB0EEC01A55
:10DB000091ED243AB1EE400A42F22423C2F20043DE
:10DB100090ED126AB4EE431A91ED021AF1EE10FA8A
:10DB200093ED002A90ED135A30FE040A032A20EEEA
:10DB3000010A91ED001A30EE027A91ED012A83ED8F
:10DB4000007A1DD0062A18BF7047002180F8001601
:10DB5000704700BF90F8F6200323012A4FF001021E
:10DB600008BF022380F8002680F86536D1F87100DE
:10DB7000C862D1F875000863D1F87900486370472E
:10DB8000B0EEC67A0122B1EE466A80F8002681ED39
:10DB90000D0AB4EE437AB0EEC57AF1EE10FA36FE15
:10DBA000046AB4EE437AF1EE10FA26EE067A35FEF8
:10DBB000043AB7EE005AB6EE004A63EE030AF0EEFE
:10DBC000451A07EE445A40EEC41AB1EEC54AB1EE0A
:10DBD000E15A23EE043A26EE054A21EE031A81EDBE
:10DBE0000B1A22EE042A81ED0C2A70470000000077
:10DBF00090F85E1000294FF0000180F8641609D0FB
:10DC000090F8E5100139B1FA81F1490980F86516FB
:10DC1000FFF75EBF90F8F6200321012A08BF02211A
:10DC200080F86516FFF754BF00F59470012100F0ED
:10DC3000BFB900000000000010B50446FFF7DCFD8E
:10DC400004F59470BDE8104000F042BA00000000F6
:10DC5000E830FFF7D5BA000090F8E51039B190F838
:10DC6000F61090F85E20C9B2114318BF704700F259
:10DC70000461002280F80026C1E900228A60704712
:10DC800010B52DED028B43F2E461B0EE408AC2F292
:10DC900000410446FFF7D4FD42F6686104F1E80054
:10DCA000C2F20041FFF7C0FA41F2BC1104F5C860AE
:10DCB000C2F20041FFF708FFB3EE000AB1EE081A06
:10DCC00004F59470F0EE400A00F012FA04F5CD600D
:10DCD00080ED008ABDEC028B10BD0000000000004A
:10DCE00070B52DED028B90F8D81401293AD0002997
:10DCF0006CD19FED388A00F15406B0EE480A00F16D
:10DD0000A40500F1F404304600F086FCB0EE480AA9
:10DD1000284600F081FCB0EE480A204600F07CFC6A
:10DD2000B0EE480A304600F077FCB0EE480A2846CC
:10DD300000F072FCB0EE480A204600F06DFCB0EE38
:10DD4000480A304600F068FCB0EE480A284600F069
:10DD500063FC2046B0EE480ABDEC028BBDE8704083
:10DD600000F05ABC00F2DC4500F15404064620469F
:10DD700095ED000A00F04CFC95ED030A204600F0FA
:10DD800033FD204600F04CFC06F1A40495ED010A99
:10DD9000204600F03DFC95ED040A204600F024FDED
:10DDA000204600F03DFC06F1F40495ED020A204601
:10DDB00000F02EFC95ED050A204600F015FD2046EA
:10DDC000BDEC028BBDE8704000F02ABCBDEC028BBC
:10DDD00070BD00BF00000000B0B52DED108B0446F3
:10DDE00000F2CC45543000F0FBFC04F1A400B0EE8E
:10DDF000408A00F0F5FC04F1F400B0EE40AA00F017
:10DE0000EFFC9FED661A9FED669A80EE01DAB0EEA8
:10DE1000490A00F035FDB0EE40BAB0EE490A00F014
:10DE2000E7FC2AEE000AA8EE4B0A9FED5EBA3DEE33
:10DE300000FAB0EE4B0A00F023FDB0EE40CAB0EE9F
:10DE40004B0A00F0D5FC2AEE000A9FED57BAA8EE67
:10DE50004C0A3DEE00EAB0EE4B0A00F011FDB0EEC8
:10DE600040CAB0EE4B0A00F0C3FC9FED501AB6EE6C
:10DE7000002A2FEE014A2AEE003A95ED0E0A24EE12
:10DE8000024AA8EE4C3A85ED004AB0EEC45AB4EE10
:10DE9000405AF1EE10FA03DA85ED009A1CE000BF5B
:10DEA00095ED0F6AB4EE465AF1EE10FA14DAB5EEBB
:10DEB000404AF1EE10FA05DD95ED105A34EE059A60
:10DEC000EAE700BFB5EE404AF1EE10FA04DA95ED4C
:10DED000105A34EE459ADFE72EEE014A3DEE033A42
:10DEE00024EE024A85ED014AB0EEC45AB4EE405A1F
:10DEF000F1EE10FA04DA9FED2A4A85ED014A1BE0A3
:10DF000095ED0F6AB4EE465AF1EE10FA14DAB5EE5A
:10DF1000404AF1EE10FA05DD95ED115A34EE054A4E
:10DF2000EBE700BFB5EE404AF1EE10FA04DA95EDEA
:10DF3000115A34EE454AE0E723EE011A21EE021AA7
:10DF400085ED021AB0EEC12AB4EE402AF1EE10FAC5
:10DF500004DA9FED130A85ED020A1BE095ED0F0A26
:10DF6000B4EE402AF1EE10FA14DAB5EE401AF1EEF2
:10DF700010FA05DD95ED120A31EE000AEBE700BF5D
:10DF8000B5EE401AF1EE10FA04DA95ED120A31EE10
:10DF9000400AE0E7BDEC108BB0BD00BF8FC2753FFB
:10DFA00000000000910A0640910A8640CDCCCCBD0D
:10DFB000B0B5044600F27445686FE0602046FFF794
:10DFC000AFFCD4F8DC04A06104F11C00A96FA162CD
:10DFD000FFF7A6FCD4F8E004606304F13800E96FB1
:10DFE0006164FFF79DFC94ED8B0AB8EE004AB1EE38
:10DFF000402A94EDD41A95ED003A31EE435AD4F804
:10E00000E40432EE412A2065A0EE041A9FED2B0AAB
:10E0100025EE000A9FED2A4A32EE432AB1EE085A55
:10E02000204620EE040A31EE031A9FED263A22EE36
:10E03000042A80EE050A21EE041A85ED1D0A82EEFF
:10E04000030A85ED1F0A81EE051A85ED1E1AFFF7FA
:10E0500047FE2046FFF7C0FE94F8D80480B101289F
:10E060001ED1012084F84C02D5E91612C4F85812CA
:10E0700095ED180A84F87003C4F87C230CE000BF07
:10E080009FED110A012084F84C020021C4F85812B7
:10E0900084F87003C4F87C1384F8940485ED0B0AAB
:10E0A00004F5A27000F0C8F904F51A7000F0C4F984
:10E0B00004F56370BDE8B04000F0BEB9D7B3DD3FF2
:10E0C000CDCCCC3D8FC2F53F000000000000000029
:10E0D00010B5044600F5A27000F0EAF904F51A70D4
:10E0E00000F0E6F904F56370BDE8104000F0E0B917
:10E0F00070B52DED0C8B82B0044600F596609FED57
:10E10000578A00219FED569A002680EC030AB0EE54
:10E11000480AF0EE490A2046FFF792FCB0EE480AA2
:10E12000F0EE490A04F11C000021FFF789FC9FED85
:10E130004D8A04F13800B0EE480AF0EE480A00219A
:10E14000FFF77EFCB3EE0ECA9FED47DA9FED47AABC
:10E15000B0EE4D2A9FED46BAF0EE4A2A9FED459A61
:10E16000B0EE4C0AF0EE490AB0EE491AF0EE491A48
:10E17000B0EE4B3AF0EE493AB0EE494AF0EE494A79
:10E18000B0EE495A04F15400002100F01DFBB0EE3E
:10E190004C0AF0EE490AB0EE491AF0EE491AB0EE18
:10E1A0004D2AF0EE4A2AB0EE4B3AF0EE493AB0EE84
:10E1B000494AF0EE494AB0EE495A04F1A400002160
:10E1C00000F002FBB3EE090AF0EE490AB0EE491A7C
:10E1D000F0EE491AB0EE482AF0EE4A2AB0EE4B3A79
:10E1E000F0EE493AB0EE494AF0EE494AB0EE495AEB
:10E1F00004F1F400002100F0E7FAB3EE048A9FED89
:10E200001E9A42F6C855B0EE490AC2F2004504F51E
:10E21000A270F0EE480A012203232946009600F07E
:10E2200077F9B0EE490AF0EE480A04F51A700222B6
:10E2300003232946009600F06BF9B0EE490AF0EE90
:10E24000480A04F56370032203232946009600F070
:10E250005FF902B0BDEC0C8B70BD00BFA69BC43B48
:10E26000A69B443C0AD7233CEC51383E0000484270
:10E270006F12033B000000002CA099410000000039
:10E28000B0B582B0D0F8A050044605F12C000DF1D5
:10E290000601FEF749FD05F12E0001A9FEF744FD38
:10E2A00005F130000DF10201FEF73EFDBDF806005C
:10E2B000B4F8F820B4F8C8100023821A12B2A3EB05
:10E2C00051039A4204DAD4F80021013206E000BF7B
:10E2D0004B089342D4F8002102DA013AC4F8002135
:10E2E000BDF9043002FB01029FED2C2A94ED2B3A7C
:10E2F00000EE103A01EE102ABDF9023094ED2F5ACB
:10E300009FED256AC4F8FC20B8EEC00A04EE103A6E
:10E31000B8EEC11AC4F8F80020EE020A02EE101A94
:10E32000B8EEC44A95F83210B8EE422A80EE030ADD
:10E3300084ED3A0A81EE021A94ED332A84EE022A21
:10E3400020EE054A94ED2E5A31EE011A84ED3B2A57
:10E3500022EE055A20EE044A21EE061A94ED306AA8
:10E36000A5EE004A9FED0E0A22EE065A81EE031A30
:10E3700084ED391A01EE101AA5EE024AB8EE411AE0
:10E3800031EE000A94ED311A84ED3C0A31EE040AB4
:10E3900084ED3D0A02B0B0BDDB0F49405077D63D59
:10E3A0003393884300000000B0B5044690F808019C
:10E3B000012833D0042805D003282BD194ED440A3A
:10E3C00012E000BF94ED430A204600F021F994EDDD
:10E3D000390A204600F008FA204600F021F92046CC
:10E3E00000F0FEF984ED440A94ED461A04F150055C
:10E3F00030EE010A284600F00BF994ED3A0A28465F
:10E4000000F0F2F9284600F00BF9284600F0E8F990
:10E4100002E000BF9FED020A84ED450AB0BD00BFD7
:10E420000000000000000000D0F8D4100131C0F856
:10E43000D410FFF725BF000010B50446FFF7B4FF66
:10E4400094ED451A94ED472A94ED2D0A31EE022AF7
:10E45000B1EE401AB4EE412AF1EE10FA08DBB0EE4C
:10E46000421AB4EE402AF1EE10FA01DDB0EE401A85
:10E4700094ED330AD4F8A80021EE000A84ED370A9F
:10E48000BDEEC01A11EE101A090A017094ED370A98
:10E49000D4F8A800BDEEC00A10EE101A417094F82E
:10E4A000B000002818BF10BD0020C4E9460010BD10
:10E4B000B0B52DED028B0446D0E9350188421BD161
:10E4C0009FED118A0120B0EE480A84F80801204629
:10E4D000002584F8E05000F09FF8B0EE480A04F1FF
:10E4E000500000F099F8C4F81451D4F8D400C4F8DE
:10E4F000D800BDEC028BB0BD012184F8E010C4F857
:10E50000D800BDEC028BB0BD000000000000000090
:10E5100010B54AF2000CD1F800E0C4F2000CE64558
:10E52000DDF808C016D04DF20044C4F20004A64540
:10E530000AD04AF20044C4F20004A64510D140F2C9
:10E54000981EC2F2004E09E040F2B42EC2F2004E14
:10E5500004E000BF40F2601EC2F2004EC0F8A0E02E
:10E5600080F8083142F6C853C2F2004380F8A42074
:10E57000994280F8B0C080ED2B0AC0ED2D0A13D06F
:10E5800042F66863C2F2004399421BD0911ECAB2A0
:10E59000092A25D84EF61422C0F60002C9B252F854
:10E5A0002110C0F8A81010BD911ECAB20A2A1FD2AD
:10E5B0004EF6C412C0F60002C9B252F82110C0F8DB
:10E5C000A81010BD911ECAB20A2A19D24EF6EC123A
:10E5D000C0F60002C9B252F82110C0F8A81010BD50
:10E5E00040F2A421C2F20041C0F8A81010BD00BF43
:10E5F00040F27421C2F20041C0F8A81010BD00BF63
:10E6000040F28C21C2F20041C0F8A81010BD0000F9
:10E6100080ED110A7047000080ED130A704700007A
:10E6200090ED112A90ED120A32EE401A90ED014A57
:10E63000B0EEC13AB4EE443AF1EE10FA07DA9FEDCB
:10E64000611AB0EE402AB0EE413A80ED110A90ED29
:10E650000E6A90ED0F7AB5EE406A0021F1EE10FAE5
:10E660004FF00002B5EE407A18BF0122F1EE10FA29
:10E6700018BF0121B7EE004A90ED085A1143C907AF
:10E6800016D0B4EE473AF1EE10FA11DDB4EE437A4B
:10E690009FED4C4AF1EE10FA0ADA36EE077AB4EE44
:10E6A000473AF1EE10FA03DA37EE434A84EE064AAF
:10E6B00090ED0C6AB5EE406AF1EE10FA19D0B1EEA9
:10E6C000467AD0ED090AD0ED131A87EE207AF4EEDF
:10E6D000471AF1EE10FA03DA80ED137A09E000BF71
:10E6E00086EE207AF4EE471AF1EE10FAC8BF80EDFC
:10E6F000137A90ED106A21EE055AB5EE406AF1EEFC
:10E7000010FA04D0B4EE463AF1EE10FA54DA90ED75
:10E71000003A24EE033A90ED134AA3EE014A90ED3D
:10E72000093A80ED134A24EE033A017A142235EEB9
:10E73000033A002908BF182290ED074A90ED045AC9
:10E7400001FE044A811832EE455A91ED006A34EE1A
:10E75000464A90ED0A6A26EE044A90ED006A84EE7D
:10E76000064A33EE043A90ED0B4A05EE043A90ED7A
:10E770000D4AB5EE404AF1EE10FA80ED073A11D09D
:10E78000B1EE445AB4EE453AF1EE10FA06DBB0EEC3
:10E79000445AB4EE443AF1EE10FA03DDB0EE453AD5
:10E7A00080ED075A80ED030A80ED042A80ED053ADA
:10E7B00080ED061A704700BF9FED023A0021C16448
:10E7C000B3E700BF0000000000F12002017280ECFE
:10E7D000023A82EC060A00F1380282EC034A7047E2
:10E7E00090ED070A7047000080ED120A70470000A4
:10E7F0009FED201AB5EE002A00EE012A9FED1E1AA9
:10E80000BDEEC20AB5EEC02AF1EE10FA10EE100A03
:10E81000B8BF013800EE100A0020B8EEC00A32EE90
:10E82000400A9FED162A20EE010ABDEEC01A11EE35
:10E83000101A30EE021AB0EB512F18BF002102EE71
:10E84000101A4EF6842000FE010AC0F60000B8EE51
:10E85000422A00EB810090ED011A30EE420AB7EE39
:10E86000002A32EE402A20EE010A90ED001A02EE54
:10E87000010A704783F9223E00000044000000C4F2
:10E880009FED1F1A20EE010A9FED1F2ABDEEC01A50
:10E89000B5EEC00AF1EE10FA11EE100AB8BF013859
:10E8A00001EE100A0020B8EEC11A30EE410A9FEDC9
:10E8B000151A20EE010ABDEEC01A11EE101A30EE44
:10E8C000021AB0EB512F18BF002102EE101A4EF6BB
:10E8D000842000FE010AC0F60000B8EE422A00EBD8
:10E8E000810090ED011A30EE420AB7EE002A32EEB6
:10E8F000402A20EE010A90ED001A02EE010A70474C
:10E9000083F9223E00000044000000C40000000023
:10E91000F4F75AFFFAF7FCF8F9F7C2FCF9F7C8FB6D
:10E92000F9F776FEF9F708FCF9F7C2FDF9F744FDAF
:10E93000F9F73EFCF9F778FCF9F7A6FEF9F72CFF9A
:10E94000F9F7EAFEF9F72CFEF9F766FFFAF774FA21
:10E95000FEE7F1EE100A4FF6FF71C0F2C03120EA77
:10E96000010040F04070E1EE100A70470000000026
:10E970000000000000000000000000000000000097
:10E98000010000000200000003000000040000007D
:10E990000000000005000000000000000000000072
:10E9A0000000000006000000000000000000000061
:10E9B00000000000070000000004081020400104CF
:10E9C0000810204076020024780200247A020024F5
:10E9D0006C0200246E0200247002002472020024E3
:10E9E0007C0200247E020024800200248E02002487
:10E9F0009002002492020024840200248602002453
:10EA0000880200248A020024940200249602002432
:10EA100098020024A6020024A8020024AA020024CE
:10EA20009C0200249E020024A0020024A2020024D2
:10EA3000AC020024AE020024B0020024000000005A
:10EA40000102030401020304060708090100020091
:10EA50000400060008000A000C001000200040001E
:10EA6000800000010001020304050607080C1014D1
:10EA700018203040010101030701000008040204CE
:10EA80000801010100000000920E493CB10AC93C96
:10EA90002BC3163D2EFB483D752B7B3D04A9963DAF
:10EAA00080B6AF3D36BDC83D2FBCE13D73B2FA3DE7
:10EAB00087CF093E8340163EB5AB223EA2102F3EC3
:10EAC000CF6E3B3EC2C5473E0115543E135C603ECF
:10EAD0007F9A6C3ECCCF783EC07D823E938E883E3E
:10EAE000229A8E3E32A0943E86A09A3EE59AA03E9F
:10EAF000128FA63ED47CAC3EEF63B23E2A44B83EB1
:10EB0000491DBE3E15EFC33E53B9C93ECA7BCF3E39
:10EB10004136D53E80E8DA3E4F92E03E7533E63E20
:10EB2000BBCBEB3EEA5AF13ECBE0F63E275DFC3E26
:10EB3000E4E7003F3D9C033F824B063F9BF5083FC7
:10EB40006B9A0B3FDA390E3FCDD3103F2A68133F43
:10EB5000D9F6153FC07F183FC6021B3FD17F1D3F2E
:10EB6000CBF61F3F9967223F25D2243F5636273FD9
:10EB70001594293F4AEB2B3FDE3B2E3FBB85303FB0
:10EB8000C9C8323FF304353F233A373F4268393F23
:10EB90003B8F3B3FF9AE3D3F67C73F3F70D8413F9A
:10EBA00001E2433F03E4453F65DE473F12D1493F61
:10EBB000F8BB4B3F029F4D3F207A4F3F3D4D513FA9
:10EBC0004918533F31DB543FE595563F5348583F72
:10EBD0006AF2593F1A945B3F532D5D3F05BE5E3F7D
:10EBE0002146603F97C5613F5A3C633F59AA643F45
:10EBF000880F663FD86B673F3CBF683FA7096A3FF5
:10EC00000C4B6B3F5E836C3F93B26D3F9ED86E3F63
:10EC100073F56F3F0809713F5213723F4714733FFA
:10EC2000DD0B743F0BFA743FC6DE753F07BA763FC3
:10EC3000C58B773FF853783F9812793F9DC7793F4E
:10EC400002737A3FBE147B3FCDAC7B3F283B7C3FB9
:10EC5000C9BF7C3FAC3A7D3FCCAB7D3F23137E3FA9
:10EC6000B0707E3F6DC47E3F580E7F3F6D4E7F3F3C
:10EC7000AB847F3F0FB17F3F97D37F3F43EC7F3F14
:10EC800011FB7F3F0000803F11FB7F3F43EC7F3F44
:10EC900097D37F3F0FB17F3FAB847F3F6D4E7F3F68
:10ECA000580E7F3F6DC47E3FB0707E3F23137E3F82
:10ECB000CCAB7D3FAC3A7D3FC9BF7C3F283B7C3F1E
:10ECC000CDAC7B3FBE147B3F02737A3F9DC7793F3B
:10ECD0009812793FF853783FC58B773F07BA763F54
:10ECE000C6DE753F0BFA743FDD0B743F4714733F6C
:10ECF0005213723F0809713F73F56F3F9ED86E3F04
:10ED000093B26D3F5E836C3F0C4B6B3FA7096A3F2C
:10ED10003CBF683FD86B673F880F663F59AA643F86
:10ED20005A3C633F97C5613F2146603F05BE5E3F49
:10ED3000532D5D3F1A945B3F6AF2593F5348583F49
:10ED4000E595563F31DB543F4918533F3D4D513F08
:10ED5000207A4F3F029F4D3FF8BB4B3F12D1493FB6
:10ED600065DE473F03E4453F01E2433F70D8413F42
:10ED700067C73F3FF9AE3D3F3B8F3B3F4268393F5E
:10ED8000233A373FF304353FC9C8323FBB85303F94
:10ED9000DE3B2E3F4AEB2B3F1594293F5636273F4B
:10EDA00025D2243F9967223FCBF61F3FD17F1D3FDD
:10EDB000C6021B3FC07F183FD9F6153F2A68133F94
:10EDC000CDD3103FDA390E3F6B9A0B3F9BF5083FCE
:10EDD000824B063F3D9C033FE4E7003F275DFC3E3E
:10EDE000CBE0F63EEA5AF13EBBCBEB3E7533E63E56
:10EDF0004F92E03E80E8DA3E4136D53ECA7BCF3EB8
:10EE000053B9C93E15EFC33E491DBE3E2A44B83E24
:10EE1000EF63B23ED47CAC3E128FA63EE59AA03E94
:10EE200086A09A3E32A0943E229A8E3E938E883ED1
:10EE3000C07D823ECCCF783E7F9A6C3E135C603EB4
:10EE40000115543EC2C5473ECF6E3B3EA2102F3E39
:10EE5000B5AB223E8340163E87CF093E73B2FA3DE2
:10EE60002FBCE13D36BDC83D80B6AF3D04A9963DFF
:10EE7000752B7B3D2EFB483D2BC3163DB10AC93C8B
:10EE8000920E493C00000000920E49BCB10AC9BC78
:10EE90002BC316BD2EFB48BD752B7BBD04A996BDAB
:10EEA00080B6AFBD36BDC8BD2FBCE1BD73B2FABDE3
:10EEB00087CF09BE834016BEB5AB22BEA2102FBEBF
:10EEC000CF6E3BBEC2C547BE011554BE135C60BECB
:10EED0007F9A6CBECCCF78BEC07D82BE938E88BE3A
:10EEE000229A8EBE32A094BE86A09ABEE59AA0BE9B
:10EEF000128FA6BED47CACBEEF63B2BE2A44B8BEAD
:10EF0000491DBEBE15EFC3BE53B9C9BECA7BCFBE35
:10EF10004136D5BE80E8DABE4F92E0BE7533E6BE1C
:10EF2000BBCBEBBEEA5AF1BECBE0F6BE275DFCBE22
:10EF3000E4E700BF3D9C03BF824B06BF9BF508BFC3
:10EF40006B9A0BBFDA390EBFCDD310BF2A6813BF3F
:10EF5000D9F615BFC07F18BFC6021BBFD17F1DBF2A
:10EF6000CBF61FBF996722BF25D224BF563627BFD5
:10EF7000159429BF4AEB2BBFDE3B2EBFBB8530BFAC
:10EF8000C9C832BFF30435BF233A37BF426839BF1F
:10EF90003B8F3BBFF9AE3DBF67C73FBF70D841BF96
:10EFA00001E243BF03E445BF65DE47BF12D149BF5D
:10EFB000F8BB4BBF029F4DBF207A4FBF3D4D51BFA5
:10EFC000491853BF31DB54BFE59556BF534858BF6E
:10EFD0006AF259BF1A945BBF532D5DBF05BE5EBF79
:10EFE000214660BF97C561BF5A3C63BF59AA64BF41
:10EFF000880F66BFD86B67BF3CBF68BFA7096ABFF1
:10F000000C4B6BBF5E836CBF93B26DBF9ED86EBF5F
:10F0100073F56FBF080971BF521372BF471473BFF6
:10F02000DD0B74BF0BFA74BFC6DE75BF07BA76BFBF
:10F03000C58B77BFF85378BF981279BF9DC779BF4A
:10F0400002737ABFBE147BBFCDAC7BBF283B7CBFB5
:10F05000C9BF7CBFAC3A7DBFCCAB7DBF23137EBFA5
:10F06000B0707EBF6DC47EBF580E7FBF6D4E7FBF38
:10F07000AB847FBF0FB17FBF97D37FBF43EC7FBF10
:10F0800011FB7FBF000080BF11FB7FBF43EC7FBF40
:10F0900097D37FBF0FB17FBFAB847FBF6D4E7FBF64
:10F0A000580E7FBF6DC47EBFB0707EBF23137EBF7E
:10F0B000CCAB7DBFAC3A7DBFC9BF7CBF283B7CBF1A
:10F0C000CDAC7BBFBE147BBF02737ABF9DC779BF37
:10F0D000981279BFF85378BFC58B77BF07BA76BF50
:10F0E000C6DE75BF0BFA74BFDD0B74BF471473BF68
:10F0F000521372BF080971BF73F56FBF9ED86EBF00
:10F1000093B26DBF5E836CBF0C4B6BBFA7096ABF28
:10F110003CBF68BFD86B67BF880F66BF59AA64BF82
:10F120005A3C63BF97C561BF214660BF05BE5EBF45
:10F13000532D5DBF1A945BBF6AF259BF534858BF45
:10F14000E59556BF31DB54BF491853BF3D4D51BF04
:10F15000207A4FBF029F4DBFF8BB4BBF12D149BFB2
:10F1600065DE47BF03E445BF01E243BF70D841BF3E
:10F1700067C73FBFF9AE3DBF3B8F3BBF426839BF5A
:10F18000233A37BFF30435BFC9C832BFBB8530BF90
:10F19000DE3B2EBF4AEB2BBF159429BF563627BF47
:10F1A00025D224BF996722BFCBF61FBFD17F1DBFD9
:10F1B000C6021BBFC07F18BFD9F615BF2A6813BF90
:10F1C000CDD310BFDA390EBF6B9A0BBF9BF508BFCA
:10F1D000824B06BF3D9C03BFE4E700BF275DFCBE3A
:10F1E000CBE0F6BEEA5AF1BEBBCBEBBE7533E6BE52
:10F1F0004F92E0BE80E8DABE4136D5BECA7BCFBEB4
:10F2000053B9C9BE15EFC3BE491DBEBE2A44B8BE20
:10F21000EF63B2BED47CACBE128FA6BEE59AA0BE90
:10F2200086A09ABE32A094BE229A8EBE938E88BECD
:10F23000C07D82BECCCF78BE7F9A6CBE135C60BEB0
:10F24000011554BEC2C547BECF6E3BBEA2102FBE35
:10F25000B5AB22BE834016BE87CF09BE73B2FABDDE
:10F260002FBCE1BD36BDC8BD80B6AFBD04A996BDFB
:10F27000752B7BBD2EFB48BD2BC316BDB10AC9BC87
:10F28000920E49BC00000080B0F20008000000248B
:10F290000001000030030008B0F300080001002462
:10F2A000805A00005003000889D5FFFF00000000CD
:10F2B00001000000100000000090D0030090D00377
:10F2C00079A70008B1A70008C1A70008F1A70008A6
:10F2D00021A8000851A7000889A700080000000025
:10F2E000B9A2000809A1000811A40008000000004C
:10F2F00069A1000851A00008C9A000080000000092
:10F30000000000000000000009A20008B1A10008F0
:10F3100061A20008A1A1000809024300020100C087
:10F320003209040000010202010005240010010559
:10F3300024010001042402020524060001070582BD
:10F340000308001009040100020A0000000705017B
:10F350000240000007058102400000000A0600028A
:10F360000000004001000000120100020202004003
:10F37000830440570002010203010000C90600088F
:10F38000C1060008B9060008F90600083907000898
:10F39000040309041A03000000000000000000003C
:10F3A000000000000000000000000000000000005D
:04000005080002CD20
:00000001FF
